[{"model": "contenttypes.contenttype", "pk": 1, "fields": {"app_label": "admin", "model": "logentry"}}, {"model": "contenttypes.contenttype", "pk": 2, "fields": {"app_label": "auth", "model": "permission"}}, {"model": "contenttypes.contenttype", "pk": 3, "fields": {"app_label": "auth", "model": "group"}}, {"model": "contenttypes.contenttype", "pk": 4, "fields": {"app_label": "auth", "model": "user"}}, {"model": "contenttypes.contenttype", "pk": 5, "fields": {"app_label": "contenttypes", "model": "contenttype"}}, {"model": "contenttypes.contenttype", "pk": 6, "fields": {"app_label": "sessions", "model": "session"}}, {"model": "contenttypes.contenttype", "pk": 7, "fields": {"app_label": "train", "model": "cases"}}, {"model": "contenttypes.contenttype", "pk": 8, "fields": {"app_label": "train", "model": "serial"}}, {"model": "contenttypes.contenttype", "pk": 9, "fields": {"app_label": "train", "model": "train"}}, {"model": "contenttypes.contenttype", "pk": 10, "fields": {"app_label": "train", "model": "planmaidate"}}, {"model": "contenttypes.contenttype", "pk": 11, "fields": {"app_label": "train", "model": "maintenance"}}, {"model": "contenttypes.contenttype", "pk": 12, "fields": {"app_label": "train", "model": "image"}}, {"model": "contenttypes.contenttype", "pk": 13, "fields": {"app_label": "train", "model": "donemaidate"}}, {"model": "sessions.session", "pk": "uiuzcjc3wf47aewzkvnva7l8o6dp5fvg", "fields": {"session_data": "OTBmNDBjMjBjMmU1Y2ZjMzE0ZmY3ZDkwNDE4ZGUyYTVhN2VmOWU2ODp7Il9hdXRoX3VzZXJfaWQiOiIxIiwiX2F1dGhfdXNlcl9iYWNrZW5kIjoiZGphbmdvLmNvbnRyaWIuYXV0aC5iYWNrZW5kcy5Nb2RlbEJhY2tlbmQiLCJfYXV0aF91c2VyX2hhc2giOiIyNGFhYjNjZjhkN2RkMjZhNWFiNzFiYmQ1ZmFlMzNmNjM3MzU5OGMzIn0=", "expire_date": "2023-02-18T10:35:31.157Z"}}, {"model": "auth.permission", "pk": 1, "fields": {"name": "Can add log entry", "content_type": 1, "codename": "add_logentry"}}, {"model": "auth.permission", "pk": 2, "fields": {"name": "Can change log entry", "content_type": 1, "codename": "change_logentry"}}, {"model": "auth.permission", "pk": 3, "fields": {"name": "Can delete log entry", "content_type": 1, "codename": "delete_logentry"}}, {"model": "auth.permission", "pk": 4, "fields": {"name": "Can view log entry", "content_type": 1, "codename": "view_logentry"}}, {"model": "auth.permission", "pk": 5, "fields": {"name": "Can add permission", "content_type": 2, "codename": "add_permission"}}, {"model": "auth.permission", "pk": 6, "fields": {"name": "Can change permission", "content_type": 2, "codename": "change_permission"}}, {"model": "auth.permission", "pk": 7, "fields": {"name": "Can delete permission", "content_type": 2, "codename": "delete_permission"}}, {"model": "auth.permission", "pk": 8, "fields": {"name": "Can view permission", "content_type": 2, "codename": "view_permission"}}, {"model": "auth.permission", "pk": 9, "fields": {"name": "Can add group", "content_type": 3, "codename": "add_group"}}, {"model": "auth.permission", "pk": 10, "fields": {"name": "Can change group", "content_type": 3, "codename": "change_group"}}, {"model": "auth.permission", "pk": 11, "fields": {"name": "Can delete group", "content_type": 3, "codename": "delete_group"}}, {"model": "auth.permission", "pk": 12, "fields": {"name": "Can view group", "content_type": 3, "codename": "view_group"}}, {"model": "auth.permission", "pk": 13, "fields": {"name": "Can add user", "content_type": 4, "codename": "add_user"}}, {"model": "auth.permission", "pk": 14, "fields": {"name": "Can change user", "content_type": 4, "codename": "change_user"}}, {"model": "auth.permission", "pk": 15, "fields": {"name": "Can delete user", "content_type": 4, "codename": "delete_user"}}, {"model": "auth.permission", "pk": 16, "fields": {"name": "Can view user", "content_type": 4, "codename": "view_user"}}, {"model": "auth.permission", "pk": 17, "fields": {"name": "Can add content type", "content_type": 5, "codename": "add_contenttype"}}, {"model": "auth.permission", "pk": 18, "fields": {"name": "Can change content type", "content_type": 5, "codename": "change_contenttype"}}, {"model": "auth.permission", "pk": 19, "fields": {"name": "Can delete content type", "content_type": 5, "codename": "delete_contenttype"}}, {"model": "auth.permission", "pk": 20, "fields": {"name": "Can view content type", "content_type": 5, "codename": "view_contenttype"}}, {"model": "auth.permission", "pk": 21, "fields": {"name": "Can add session", "content_type": 6, "codename": "add_session"}}, {"model": "auth.permission", "pk": 22, "fields": {"name": "Can change session", "content_type": 6, "codename": "change_session"}}, {"model": "auth.permission", "pk": 23, "fields": {"name": "Can delete session", "content_type": 6, "codename": "delete_session"}}, {"model": "auth.permission", "pk": 24, "fields": {"name": "Can view session", "content_type": 6, "codename": "view_session"}}, {"model": "auth.permission", "pk": 25, "fields": {"name": "Can add cases", "content_type": 7, "codename": "add_cases"}}, {"model": "auth.permission", "pk": 26, "fields": {"name": "Can change cases", "content_type": 7, "codename": "change_cases"}}, {"model": "auth.permission", "pk": 27, "fields": {"name": "Can delete cases", "content_type": 7, "codename": "delete_cases"}}, {"model": "auth.permission", "pk": 28, "fields": {"name": "Can view cases", "content_type": 7, "codename": "view_cases"}}, {"model": "auth.permission", "pk": 29, "fields": {"name": "Can add serial", "content_type": 8, "codename": "add_serial"}}, {"model": "auth.permission", "pk": 30, "fields": {"name": "Can change serial", "content_type": 8, "codename": "change_serial"}}, {"model": "auth.permission", "pk": 31, "fields": {"name": "Can delete serial", "content_type": 8, "codename": "delete_serial"}}, {"model": "auth.permission", "pk": 32, "fields": {"name": "Can view serial", "content_type": 8, "codename": "view_serial"}}, {"model": "auth.permission", "pk": 33, "fields": {"name": "Can add train", "content_type": 9, "codename": "add_train"}}, {"model": "auth.permission", "pk": 34, "fields": {"name": "Can change train", "content_type": 9, "codename": "change_train"}}, {"model": "auth.permission", "pk": 35, "fields": {"name": "Can delete train", "content_type": 9, "codename": "delete_train"}}, {"model": "auth.permission", "pk": 36, "fields": {"name": "Can view train", "content_type": 9, "codename": "view_train"}}, {"model": "auth.permission", "pk": 37, "fields": {"name": "Can add plan mai date", "content_type": 10, "codename": "add_planmaidate"}}, {"model": "auth.permission", "pk": 38, "fields": {"name": "Can change plan mai date", "content_type": 10, "codename": "change_planmaidate"}}, {"model": "auth.permission", "pk": 39, "fields": {"name": "Can delete plan mai date", "content_type": 10, "codename": "delete_planmaidate"}}, {"model": "auth.permission", "pk": 40, "fields": {"name": "Can view plan mai date", "content_type": 10, "codename": "view_planmaidate"}}, {"model": "auth.permission", "pk": 41, "fields": {"name": "Can add maintenance", "content_type": 11, "codename": "add_maintenance"}}, {"model": "auth.permission", "pk": 42, "fields": {"name": "Can change maintenance", "content_type": 11, "codename": "change_maintenance"}}, {"model": "auth.permission", "pk": 43, "fields": {"name": "Can delete maintenance", "content_type": 11, "codename": "delete_maintenance"}}, {"model": "auth.permission", "pk": 44, "fields": {"name": "Can view maintenance", "content_type": 11, "codename": "view_maintenance"}}, {"model": "auth.permission", "pk": 45, "fields": {"name": "Can add image", "content_type": 12, "codename": "add_image"}}, {"model": "auth.permission", "pk": 46, "fields": {"name": "Can change image", "content_type": 12, "codename": "change_image"}}, {"model": "auth.permission", "pk": 47, "fields": {"name": "Can delete image", "content_type": 12, "codename": "delete_image"}}, {"model": "auth.permission", "pk": 48, "fields": {"name": "Can view image", "content_type": 12, "codename": "view_image"}}, {"model": "auth.permission", "pk": 49, "fields": {"name": "Can add done mai date", "content_type": 13, "codename": "add_donemaidate"}}, {"model": "auth.permission", "pk": 50, "fields": {"name": "Can change done mai date", "content_type": 13, "codename": "change_donemaidate"}}, {"model": "auth.permission", "pk": 51, "fields": {"name": "Can delete done mai date", "content_type": 13, "codename": "delete_donemaidate"}}, {"model": "auth.permission", "pk": 52, "fields": {"name": "Can view done mai date", "content_type": 13, "codename": "view_donemaidate"}}, {"model": "auth.user", "pk": 1, "fields": {"password": "pbkdf2_sha256$150000$BURV9415eHcT$S/BnMKUNfBXUD6mZHzBii9Q72maPllpg8TAFk5GpHzQ=", "last_login": "2023-02-04T10:35:31Z", "is_superuser": true, "username": "Dmitry", "first_name": "\u0414\u043c\u0438\u0442\u0440\u0438\u0439", "last_name": "\u041f\u0435\u0442\u0443\u0445\u043e\u0432", "email": "dapetuhov@yandex.ru", "is_staff": true, "is_active": true, "date_joined": "2023-02-04T10:18:40Z", "groups": [], "user_permissions": []}}, {"model": "auth.user", "pk": 2, "fields": {"password": "pbkdf2_sha256$150000$k0d46KJGkHPz$84RSrWEK0oscLK6MVpqkkw5lFrwsUm9Gsd46BS50wLo=", "last_login": "2023-02-04T10:31:42.398Z", "is_superuser": false, "username": "Alevtina", "first_name": "\u0410\u043b\u0435\u0432\u0442\u0438\u043d\u0430", "last_name": "\u041f\u0435\u0442\u0443\u0445\u043e\u0432", "email": "sibir90@inbox.ru", "is_staff": false, "is_active": true, "date_joined": "2023-02-04T10:31:27.560Z", "groups": [], "user_permissions": []}}, {"model": "train.serial", "pk": 1, "fields": {"created": "2023-02-04T10:21:14.593Z", "author": 1, "serial": "\u042d\u04212\u0413", "slug": "ES2G"}}, {"model": "train.serial", "pk": 2, "fields": {"created": "2023-02-04T10:35:46.337Z", "author": 1, "serial": "\u042d\u04211", "slug": "ES1"}}, {"model": "train.serial", "pk": 3, "fields": {"created": "2023-02-04T10:36:01.351Z", "author": 1, "serial": "\u042d\u04211\u041f", "slug": "ES1P"}}, {"model": "train.train", "pk": 1, "fields": {"created": "2023-02-04T10:22:02.773Z", "author": 1, "serial": 1, "number": "001", "renter": null, "mileage": null, "mileage_date": null, "day_mileage": null, "image": ""}}, {"model": "train.train", "pk": 2, "fields": {"created": "2023-02-04T10:22:02.773Z", "author": 1, "serial": 1, "number": "002", "renter": null, "mileage": null, "mileage_date": null, "day_mileage": null, "image": ""}}, {"model": "train.train", "pk": 3, "fields": {"created": "2023-02-04T10:22:02.773Z", "author": 1, "serial": 1, "number": "003", "renter": null, "mileage": null, "mileage_date": null, "day_mileage": null, "image": ""}}, {"model": "train.train", "pk": 4, "fields": {"created": "2023-02-04T10:22:02.773Z", "author": 1, "serial": 1, "number": "004", "renter": null, "mileage": null, "mileage_date": null, "day_mileage": null, "image": ""}}, {"model": "train.train", "pk": 5, "fields": {"created": "2023-02-04T10:22:02.773Z", "author": 1, "serial": 1, "number": "005", "renter": null, "mileage": null, "mileage_date": null, "day_mileage": null, "image": ""}}, {"model": "train.train", "pk": 6, "fields": {"created": "2023-02-04T10:22:02.773Z", "author": 1, "serial": 1, "number": "011", "renter": null, "mileage": null, "mileage_date": null, "day_mileage": null, "image": ""}}, {"model": "train.train", "pk": 7, "fields": {"created": "2023-02-04T10:22:02.773Z", "author": 1, "serial": 1, "number": "012", "renter": null, "mileage": null, "mileage_date": null, "day_mileage": null, "image": ""}}, {"model": "train.train", "pk": 8, "fields": {"created": "2023-02-04T10:22:02.773Z", "author": 1, "serial": 1, "number": "013", "renter": null, "mileage": null, "mileage_date": null, "day_mileage": null, "image": ""}}, {"model": "train.train", "pk": 9, "fields": {"created": "2023-02-04T10:22:02.773Z", "author": 1, "serial": 1, "number": "093", "renter": null, "mileage": null, "mileage_date": null, "day_mileage": null, "image": ""}}, {"model": "train.train", "pk": 10, "fields": {"created": "2023-02-04T10:22:02.773Z", "author": 1, "serial": 1, "number": "096", "renter": null, "mileage": null, "mileage_date": null, "day_mileage": null, "image": ""}}, {"model": "train.train", "pk": 11, "fields": {"created": "2023-02-04T10:22:02.773Z", "author": 1, "serial": 1, "number": "098", "renter": null, "mileage": null, "mileage_date": null, "day_mileage": null, "image": ""}}, {"model": "train.train", "pk": 12, "fields": {"created": "2023-02-04T10:22:02.773Z", "author": 1, "serial": 1, "number": "122", "renter": null, "mileage": null, "mileage_date": null, "day_mileage": null, "image": ""}}, {"model": "train.train", "pk": 13, "fields": {"created": "2023-02-04T10:22:02.773Z", "author": 1, "serial": 1, "number": "137", "renter": null, "mileage": null, "mileage_date": null, "day_mileage": null, "image": ""}}, {"model": "train.train", "pk": 14, "fields": {"created": "2023-02-04T10:22:02.773Z", "author": 1, "serial": 1, "number": "138", "renter": null, "mileage": null, "mileage_date": null, "day_mileage": null, "image": ""}}, {"model": "train.train", "pk": 15, "fields": {"created": "2023-02-04T10:22:02.773Z", "author": 1, "serial": 1, "number": "139", "renter": null, "mileage": null, "mileage_date": null, "day_mileage": null, "image": ""}}, {"model": "train.train", "pk": 16, "fields": {"created": "2023-02-04T10:22:02.773Z", "author": 1, "serial": 1, "number": "140", "renter": null, "mileage": null, "mileage_date": null, "day_mileage": null, "image": ""}}, {"model": "train.train", "pk": 17, "fields": {"created": "2023-02-04T10:22:02.773Z", "author": 1, "serial": 1, "number": "148", "renter": null, "mileage": null, "mileage_date": null, "day_mileage": null, "image": ""}}, {"model": "train.train", "pk": 18, "fields": {"created": "2023-02-04T10:22:02.773Z", "author": 1, "serial": 1, "number": "149", "renter": null, "mileage": null, "mileage_date": null, "day_mileage": null, "image": ""}}, {"model": "train.train", "pk": 19, "fields": {"created": "2023-02-04T10:22:02.773Z", "author": 1, "serial": 1, "number": "150", "renter": null, "mileage": null, "mileage_date": null, "day_mileage": null, "image": ""}}, {"model": "train.train", "pk": 20, "fields": {"created": "2023-02-04T10:22:02.773Z", "author": 1, "serial": 1, "number": "151", "renter": null, "mileage": null, "mileage_date": null, "day_mileage": null, "image": ""}}, {"model": "train.train", "pk": 21, "fields": {"created": "2023-02-04T10:22:02.773Z", "author": 1, "serial": 1, "number": "152", "renter": null, "mileage": null, "mileage_date": null, "day_mileage": null, "image": ""}}, {"model": "train.train", "pk": 22, "fields": {"created": "2023-02-04T10:22:02.773Z", "author": 1, "serial": 1, "number": "153", "renter": null, "mileage": null, "mileage_date": null, "day_mileage": null, "image": ""}}, {"model": "train.train", "pk": 23, "fields": {"created": "2023-02-04T10:22:02.773Z", "author": 1, "serial": 1, "number": "154", "renter": null, "mileage": null, "mileage_date": null, "day_mileage": null, "image": ""}}, {"model": "train.train", "pk": 24, "fields": {"created": "2023-02-04T10:22:02.773Z", "author": 1, "serial": 1, "number": "160", "renter": null, "mileage": null, "mileage_date": null, "day_mileage": null, "image": ""}}, {"model": "train.train", "pk": 25, "fields": {"created": "2023-02-04T10:22:02.773Z", "author": 1, "serial": 1, "number": "161", "renter": null, "mileage": null, "mileage_date": null, "day_mileage": null, "image": ""}}, {"model": "train.train", "pk": 26, "fields": {"created": "2023-02-04T10:22:02.773Z", "author": 1, "serial": 3, "number": "018", "renter": null, "mileage": null, "mileage_date": null, "day_mileage": null, "image": ""}}, {"model": "train.train", "pk": 27, "fields": {"created": "2023-02-04T10:22:02.773Z", "author": 1, "serial": 3, "number": "019", "renter": null, "mileage": null, "mileage_date": null, "day_mileage": null, "image": ""}}, {"model": "train.train", "pk": 28, "fields": {"created": "2023-02-04T10:22:02.773Z", "author": 1, "serial": 3, "number": "020", "renter": null, "mileage": null, "mileage_date": null, "day_mileage": null, "image": ""}}, {"model": "train.train", "pk": 29, "fields": {"created": "2023-02-04T10:22:02.773Z", "author": 1, "serial": 2, "number": "003", "renter": null, "mileage": null, "mileage_date": null, "day_mileage": null, "image": ""}}, {"model": "train.train", "pk": 30, "fields": {"created": "2023-02-04T10:22:02.773Z", "author": 1, "serial": 2, "number": "005", "renter": null, "mileage": null, "mileage_date": null, "day_mileage": null, "image": ""}}, {"model": "train.maintenance", "pk": 1, "fields": {"created": "2023-02-04T10:21:40.629Z", "author": 1, "type": "Vi", "mileage": 25000, "number": 1, "comment": null, "order": true}}, {"model": "train.maintenance", "pk": 2, "fields": {"created": "2023-02-04T10:21:40.629Z", "author": 1, "type": "I1", "mileage": 50000, "number": 2, "comment": null, "order": true}}, {"model": "train.maintenance", "pk": 3, "fields": {"created": "2023-02-04T10:21:40.629Z", "author": 1, "type": "Vi", "mileage": 75000, "number": 3, "comment": null, "order": true}}, {"model": "train.maintenance", "pk": 4, "fields": {"created": "2023-02-04T10:21:40.629Z", "author": 1, "type": "I2", "mileage": 100000, "number": 4, "comment": null, "order": true}}, {"model": "train.maintenance", "pk": 5, "fields": {"created": "2023-02-04T10:21:40.629Z", "author": 1, "type": "Vi", "mileage": 125000, "number": 5, "comment": null, "order": true}}, {"model": "train.maintenance", "pk": 6, "fields": {"created": "2023-02-04T10:21:40.629Z", "author": 1, "type": "I1", "mileage": 150000, "number": 6, "comment": null, "order": true}}, {"model": "train.maintenance", "pk": 7, "fields": {"created": "2023-02-04T10:21:40.629Z", "author": 1, "type": "Vi", "mileage": 175000, "number": 7, "comment": null, "order": true}}, {"model": "train.maintenance", "pk": 8, "fields": {"created": "2023-02-04T10:21:40.629Z", "author": 1, "type": "I3", "mileage": 200000, "number": 8, "comment": null, "order": true}}, {"model": "train.maintenance", "pk": 9, "fields": {"created": "2023-02-04T10:21:40.629Z", "author": 1, "type": "Vi", "mileage": 225000, "number": 9, "comment": null, "order": true}}, {"model": "train.maintenance", "pk": 10, "fields": {"created": "2023-02-04T10:21:40.629Z", "author": 1, "type": "I1", "mileage": 250000, "number": 10, "comment": null, "order": true}}, {"model": "train.maintenance", "pk": 11, "fields": {"created": "2023-02-04T10:21:40.629Z", "author": 1, "type": "Vi", "mileage": 275000, "number": 11, "comment": null, "order": true}}, {"model": "train.maintenance", "pk": 12, "fields": {"created": "2023-02-04T10:21:40.629Z", "author": 1, "type": "I2", "mileage": 300000, "number": 12, "comment": null, "order": true}}, {"model": "train.maintenance", "pk": 13, "fields": {"created": "2023-02-04T10:21:40.629Z", "author": 1, "type": "Vi", "mileage": 325000, "number": 13, "comment": null, "order": true}}, {"model": "train.maintenance", "pk": 14, "fields": {"created": "2023-02-04T10:21:40.629Z", "author": 1, "type": "I1", "mileage": 350000, "number": 14, "comment": null, "order": true}}, {"model": "train.maintenance", "pk": 15, "fields": {"created": "2023-02-04T10:21:40.629Z", "author": 1, "type": "Vi", "mileage": 375000, "number": 15, "comment": null, "order": true}}, {"model": "train.maintenance", "pk": 16, "fields": {"created": "2023-02-04T10:21:40.629Z", "author": 1, "type": "I4", "mileage": 400000, "number": 16, "comment": null, "order": true}}, {"model": "train.maintenance", "pk": 17, "fields": {"created": "2023-02-04T10:21:40.629Z", "author": 1, "type": "Vi", "mileage": 425000, "number": 17, "comment": null, "order": true}}, {"model": "train.maintenance", "pk": 18, "fields": {"created": "2023-02-04T10:21:40.629Z", "author": 1, "type": "I1", "mileage": 450000, "number": 18, "comment": null, "order": true}}, {"model": "train.maintenance", "pk": 19, "fields": {"created": "2023-02-04T10:21:40.629Z", "author": 1, "type": "Vi", "mileage": 475000, "number": 19, "comment": null, "order": true}}, {"model": "train.maintenance", "pk": 20, "fields": {"created": "2023-02-04T10:21:40.629Z", "author": 1, "type": "I2", "mileage": 500000, "number": 20, "comment": null, "order": true}}, {"model": "train.maintenance", "pk": 21, "fields": {"created": "2023-02-04T10:21:40.629Z", "author": 1, "type": "Vi", "mileage": 525000, "number": 21, "comment": null, "order": true}}, {"model": "train.maintenance", "pk": 22, "fields": {"created": "2023-02-04T10:21:40.629Z", "author": 1, "type": "I1", "mileage": 550000, "number": 22, "comment": null, "order": true}}, {"model": "train.maintenance", "pk": 23, "fields": {"created": "2023-02-04T10:21:40.629Z", "author": 1, "type": "Vi", "mileage": 575000, "number": 23, "comment": null, "order": true}}, {"model": "train.maintenance", "pk": 24, "fields": {"created": "2023-02-04T10:21:40.629Z", "author": 1, "type": "I5", "mileage": 600000, "number": 24, "comment": null, "order": true}}, {"model": "train.maintenance", "pk": 25, "fields": {"created": "2023-02-04T10:21:40.629Z", "author": 1, "type": "Vi", "mileage": 625000, "number": 25, "comment": null, "order": true}}, {"model": "train.maintenance", "pk": 26, "fields": {"created": "2023-02-04T10:21:40.629Z", "author": 1, "type": "I1", "mileage": 650000, "number": 26, "comment": null, "order": true}}, {"model": "train.maintenance", "pk": 27, "fields": {"created": "2023-02-04T10:21:40.629Z", "author": 1, "type": "Vi", "mileage": 675000, "number": 27, "comment": null, "order": true}}, {"model": "train.maintenance", "pk": 28, "fields": {"created": "2023-02-04T10:21:40.629Z", "author": 1, "type": "I2", "mileage": 700000, "number": 28, "comment": null, "order": true}}, {"model": "train.maintenance", "pk": 29, "fields": {"created": "2023-02-04T10:21:40.629Z", "author": 1, "type": "Vi", "mileage": 725000, "number": 29, "comment": null, "order": true}}, {"model": "train.maintenance", "pk": 30, "fields": {"created": "2023-02-04T10:21:40.629Z", "author": 1, "type": "I1", "mileage": 750000, "number": 30, "comment": null, "order": true}}, {"model": "train.maintenance", "pk": 31, "fields": {"created": "2023-02-04T10:21:40.629Z", "author": 1, "type": "Vi", "mileage": 775000, "number": 31, "comment": null, "order": true}}, {"model": "train.maintenance", "pk": 32, "fields": {"created": "2023-02-04T10:21:40.629Z", "author": 1, "type": "I6", "mileage": 800000, "number": 32, "comment": null, "order": true}}, {"model": "train.maintenance", "pk": 33, "fields": {"created": "2023-02-04T10:21:40.629Z", "author": 1, "type": "Vi", "mileage": 825000, "number": 33, "comment": null, "order": true}}, {"model": "train.maintenance", "pk": 34, "fields": {"created": "2023-02-04T10:21:40.629Z", "author": 1, "type": "I1", "mileage": 850000, "number": 34, "comment": null, "order": true}}, {"model": "train.maintenance", "pk": 35, "fields": {"created": "2023-02-04T10:21:40.629Z", "author": 1, "type": "Vi", "mileage": 875000, "number": 35, "comment": null, "order": true}}, {"model": "train.maintenance", "pk": 36, "fields": {"created": "2023-02-04T10:21:40.629Z", "author": 1, "type": "I2", "mileage": 900000, "number": 36, "comment": null, "order": true}}, {"model": "train.maintenance", "pk": 37, "fields": {"created": "2023-02-04T10:21:40.629Z", "author": 1, "type": "Vi", "mileage": 925000, "number": 37, "comment": null, "order": true}}, {"model": "train.maintenance", "pk": 38, "fields": {"created": "2023-02-04T10:21:40.629Z", "author": 1, "type": "I1", "mileage": 950000, "number": 38, "comment": null, "order": true}}, {"model": "train.maintenance", "pk": 39, "fields": {"created": "2023-02-04T10:21:40.629Z", "author": 1, "type": "Vi", "mileage": 975000, "number": 39, "comment": null, "order": true}}, {"model": "train.maintenance", "pk": 40, "fields": {"created": "2023-02-04T10:21:40.629Z", "author": 1, "type": "I3", "mileage": 1000000, "number": 40, "comment": null, "order": true}}, {"model": "train.maintenance", "pk": 41, "fields": {"created": "2023-02-04T10:21:40.629Z", "author": 1, "type": "Vi", "mileage": 1025000, "number": 41, "comment": null, "order": true}}, {"model": "train.maintenance", "pk": 42, "fields": {"created": "2023-02-04T10:21:40.629Z", "author": 1, "type": "I1", "mileage": 1050000, "number": 42, "comment": null, "order": true}}, {"model": "train.maintenance", "pk": 43, "fields": {"created": "2023-02-04T10:21:40.629Z", "author": 1, "type": "Vi", "mileage": 1075000, "number": 43, "comment": null, "order": true}}, {"model": "train.maintenance", "pk": 44, "fields": {"created": "2023-02-04T10:21:40.629Z", "author": 1, "type": "I2", "mileage": 1100000, "number": 44, "comment": null, "order": true}}, {"model": "train.maintenance", "pk": 45, "fields": {"created": "2023-02-04T10:21:40.629Z", "author": 1, "type": "Vi", "mileage": 1125000, "number": 45, "comment": null, "order": true}}, {"model": "train.maintenance", "pk": 46, "fields": {"created": "2023-02-04T10:21:40.629Z", "author": 1, "type": "I1", "mileage": 1150000, "number": 46, "comment": null, "order": true}}, {"model": "train.maintenance", "pk": 47, "fields": {"created": "2023-02-04T10:21:40.629Z", "author": 1, "type": "Vi", "mileage": 1175000, "number": 47, "comment": null, "order": true}}, {"model": "train.maintenance", "pk": 48, "fields": {"created": "2023-02-04T10:21:40.629Z", "author": 1, "type": "I4+I5", "mileage": 1200000, "number": 48, "comment": null, "order": true}}, {"model": "train.maintenance", "pk": 49, "fields": {"created": "2023-02-04T10:21:40.629Z", "author": 1, "type": "Vi", "mileage": 1225000, "number": 49, "comment": null, "order": true}}, {"model": "train.maintenance", "pk": 50, "fields": {"created": "2023-02-04T10:21:40.629Z", "author": 1, "type": "I1", "mileage": 1250000, "number": 50, "comment": null, "order": true}}, {"model": "train.maintenance", "pk": 51, "fields": {"created": "2023-02-04T10:21:40.629Z", "author": 1, "type": "Vi", "mileage": 1275000, "number": 51, "comment": null, "order": true}}, {"model": "train.maintenance", "pk": 52, "fields": {"created": "2023-02-04T10:21:40.629Z", "author": 1, "type": "I2", "mileage": 1300000, "number": 52, "comment": null, "order": true}}, {"model": "train.maintenance", "pk": 53, "fields": {"created": "2023-02-04T10:21:40.629Z", "author": 1, "type": "Vi", "mileage": 1325000, "number": 53, "comment": null, "order": true}}, {"model": "train.maintenance", "pk": 54, "fields": {"created": "2023-02-04T10:21:40.629Z", "author": 1, "type": "I1", "mileage": 1350000, "number": 54, "comment": null, "order": true}}, {"model": "train.maintenance", "pk": 55, "fields": {"created": "2023-02-04T10:21:40.629Z", "author": 1, "type": "Vi", "mileage": 1375000, "number": 55, "comment": null, "order": true}}, {"model": "train.maintenance", "pk": 56, "fields": {"created": "2023-02-04T10:21:40.629Z", "author": 1, "type": "I3", "mileage": 1400000, "number": 56, "comment": null, "order": true}}, {"model": "train.maintenance", "pk": 57, "fields": {"created": "2023-02-04T10:21:40.629Z", "author": 1, "type": "Vi", "mileage": 1425000, "number": 57, "comment": null, "order": true}}, {"model": "train.maintenance", "pk": 58, "fields": {"created": "2023-02-04T10:21:40.629Z", "author": 1, "type": "I1", "mileage": 1450000, "number": 58, "comment": null, "order": true}}, {"model": "train.maintenance", "pk": 59, "fields": {"created": "2023-02-04T10:21:40.629Z", "author": 1, "type": "Vi", "mileage": 1475000, "number": 59, "comment": null, "order": true}}, {"model": "train.maintenance", "pk": 60, "fields": {"created": "2023-02-04T10:21:40.629Z", "author": 1, "type": "I2", "mileage": 1500000, "number": 60, "comment": null, "order": true}}, {"model": "train.maintenance", "pk": 61, "fields": {"created": "2023-02-04T10:21:40.629Z", "author": 1, "type": "Vi", "mileage": 1525000, "number": 61, "comment": null, "order": true}}, {"model": "train.maintenance", "pk": 62, "fields": {"created": "2023-02-04T10:21:40.629Z", "author": 1, "type": "I1", "mileage": 1550000, "number": 62, "comment": null, "order": true}}, {"model": "train.maintenance", "pk": 63, "fields": {"created": "2023-02-04T10:21:40.629Z", "author": 1, "type": "Vi", "mileage": 1575000, "number": 63, "comment": null, "order": true}}, {"model": "train.maintenance", "pk": 64, "fields": {"created": "2023-02-04T10:21:40.629Z", "author": 1, "type": "R1", "mileage": 1600000, "number": 64, "comment": null, "order": true}}, {"model": "train.maintenance", "pk": 65, "fields": {"created": "2023-02-04T11:58:09.586Z", "author": 1, "type": "Vi*", "mileage": null, "number": null, "comment": "\u0432\u043d\u0435\u043e\u0447\u0435\u0440\u0435\u0434\u043d\u0430\u044f Vi", "order": false}}, {"model": "train.maintenance", "pk": 66, "fields": {"created": "2023-02-04T11:58:18.246Z", "author": 1, "type": "I1*", "mileage": null, "number": null, "comment": "\u0432\u043d\u0435\u043e\u0447\u0435\u0440\u0435\u0434\u043d\u0430\u044f I1", "order": false}}, {"model": "train.maintenance", "pk": 67, "fields": {"created": "2023-02-04T11:58:25.685Z", "author": 1, "type": "I2*", "mileage": null, "number": null, "comment": "\u0432\u043d\u0435\u043e\u0447\u0435\u0440\u0435\u0434\u043d\u0430\u044f I2", "order": false}}, {"model": "train.maintenance", "pk": 68, "fields": {"created": "2023-02-04T14:20:03.272Z", "author": 1, "type": "30", "mileage": null, "number": null, "comment": "30 \u0441\u0443\u0442\u043e\u0447\u043d\u044b\u0435 \u0437\u0430\u043c\u0435\u0440\u044b", "order": false}}, {"model": "train.maintenance", "pk": 69, "fields": {"created": "2023-02-04T14:20:18.312Z", "author": 1, "type": "\u0417\u0438\u043c\u0430", "mileage": null, "number": null, "comment": "\u043f\u0435\u0440\u0435\u0432\u043e\u0434 \u0432 \u0437\u0438\u043c\u0443", "order": false}}, {"model": "train.maintenance", "pk": 70, "fields": {"created": "2023-02-04T14:20:31.969Z", "author": 1, "type": "\u041b\u0435\u0442\u043e", "mileage": null, "number": null, "comment": "\u043f\u0435\u0440\u0435\u0432\u043e\u0434 \u0432 \u043b\u0435\u0442\u043e", "order": false}}, {"model": "train.donemaidate", "pk": 1, "fields": {"created": "2023-02-04T10:22:13.701Z", "author": 1, "train": 1, "maintenance": 1, "maintenance_date": "2015-10-23", "place": "\u041c\u0421\u041a", "mileage": 25550, "comment": "from bitrix"}}, {"model": "train.donemaidate", "pk": 2, "fields": {"created": "2023-02-04T10:22:13.701Z", "author": 1, "train": 1, "maintenance": 2, "maintenance_date": "2016-01-05", "place": "\u0415\u041a\u0411", "mileage": 55333, "comment": "from bitrix"}}, {"model": "train.donemaidate", "pk": 3, "fields": {"created": "2023-02-04T10:22:13.701Z", "author": 1, "train": 1, "maintenance": 3, "maintenance_date": "2016-02-23", "place": "\u0415\u041a\u0411", "mileage": 74523, "comment": "from bitrix"}}, {"model": "train.donemaidate", "pk": 4, "fields": {"created": "2023-02-04T10:22:13.701Z", "author": 1, "train": 1, "maintenance": 4, "maintenance_date": "2016-04-11", "place": "\u0415\u041a\u0411", "mileage": 95611, "comment": "from bitrix"}}, {"model": "train.donemaidate", "pk": 5, "fields": {"created": "2023-02-04T10:22:13.701Z", "author": 1, "train": 1, "maintenance": 5, "maintenance_date": "2016-06-15", "place": "\u0415\u041a\u0411", "mileage": 123736, "comment": "from bitrix"}}, {"model": "train.donemaidate", "pk": 6, "fields": {"created": "2023-02-04T10:22:13.701Z", "author": 1, "train": 1, "maintenance": 6, "maintenance_date": "2016-08-24", "place": "\u0415\u041a\u0411", "mileage": 150430, "comment": "from bitrix"}}, {"model": "train.donemaidate", "pk": 7, "fields": {"created": "2023-02-04T10:22:13.701Z", "author": 1, "train": 1, "maintenance": 8, "maintenance_date": "2016-11-05", "place": "\u041c\u0421\u041a", "mileage": 169962, "comment": "from bitrix"}}, {"model": "train.donemaidate", "pk": 8, "fields": {"created": "2023-02-04T10:22:13.701Z", "author": 1, "train": 1, "maintenance": 9, "maintenance_date": "2017-01-16", "place": "\u041c\u0421\u041a", "mileage": 195916, "comment": "from bitrix"}}, {"model": "train.donemaidate", "pk": 9, "fields": {"created": "2023-02-04T10:22:13.701Z", "author": 1, "train": 1, "maintenance": 10, "maintenance_date": "2017-03-22", "place": "\u0415\u041a\u0411", "mileage": 222663, "comment": "from bitrix"}}, {"model": "train.donemaidate", "pk": 10, "fields": {"created": "2023-02-04T10:22:13.701Z", "author": 1, "train": 1, "maintenance": 11, "maintenance_date": "2017-05-25", "place": "\u041c\u0421\u041a", "mileage": 249640, "comment": "from bitrix"}}, {"model": "train.donemaidate", "pk": 11, "fields": {"created": "2023-02-04T10:22:13.701Z", "author": 1, "train": 1, "maintenance": 12, "maintenance_date": "2017-07-24", "place": "\u041c\u0421\u041a", "mileage": 273711, "comment": "from bitrix"}}, {"model": "train.donemaidate", "pk": 12, "fields": {"created": "2023-02-04T10:22:13.701Z", "author": 1, "train": 1, "maintenance": 13, "maintenance_date": "2017-09-18", "place": "\u0415\u041a\u0411", "mileage": 294340, "comment": "from bitrix"}}, {"model": "train.donemaidate", "pk": 13, "fields": {"created": "2023-02-04T10:22:13.701Z", "author": 1, "train": 1, "maintenance": 14, "maintenance_date": "2017-11-14", "place": "\u041c\u0421\u041a", "mileage": 320876, "comment": "from bitrix"}}, {"model": "train.donemaidate", "pk": 14, "fields": {"created": "2023-02-04T10:22:13.701Z", "author": 1, "train": 1, "maintenance": 15, "maintenance_date": "2018-01-11", "place": "\u0415\u041a\u0411", "mileage": 344211, "comment": "from bitrix"}}, {"model": "train.donemaidate", "pk": 15, "fields": {"created": "2023-02-04T10:22:13.701Z", "author": 1, "train": 1, "maintenance": 16, "maintenance_date": "2018-03-15", "place": "\u041c\u0421\u041a", "mileage": 373708, "comment": "from bitrix"}}, {"model": "train.donemaidate", "pk": 16, "fields": {"created": "2023-02-04T10:22:13.701Z", "author": 1, "train": 1, "maintenance": 17, "maintenance_date": "2018-05-20", "place": "\u041c\u0421\u041a", "mileage": 406033, "comment": "from bitrix"}}, {"model": "train.donemaidate", "pk": 17, "fields": {"created": "2023-02-04T10:22:13.701Z", "author": 1, "train": 1, "maintenance": 18, "maintenance_date": "2018-07-31", "place": "\u0415\u041a\u0411", "mileage": 433118, "comment": "from bitrix"}}, {"model": "train.donemaidate", "pk": 18, "fields": {"created": "2023-02-04T10:22:13.701Z", "author": 1, "train": 1, "maintenance": 19, "maintenance_date": "2018-11-07", "place": "\u0415\u041a\u0411", "mileage": 462231, "comment": "from bitrix"}}, {"model": "train.donemaidate", "pk": 19, "fields": {"created": "2023-02-04T10:22:13.701Z", "author": 1, "train": 1, "maintenance": 20, "maintenance_date": "2019-02-13", "place": "\u0415\u041a\u0411", "mileage": 492031, "comment": "from bitrix"}}, {"model": "train.donemaidate", "pk": 20, "fields": {"created": "2023-02-04T10:22:13.701Z", "author": 1, "train": 1, "maintenance": 21, "maintenance_date": "2019-04-03", "place": "\u0415\u041a\u0411", "mileage": 516928, "comment": "from bitrix"}}, {"model": "train.donemaidate", "pk": 21, "fields": {"created": "2023-02-04T10:22:13.701Z", "author": 1, "train": 1, "maintenance": 22, "maintenance_date": "2019-06-05", "place": "\u0415\u041a\u0411", "mileage": 545082, "comment": "from bitrix"}}, {"model": "train.donemaidate", "pk": 22, "fields": {"created": "2023-02-04T10:22:13.701Z", "author": 1, "train": 1, "maintenance": 23, "maintenance_date": "2019-08-09", "place": "\u0415\u041a\u0411", "mileage": 570564, "comment": "from bitrix"}}, {"model": "train.donemaidate", "pk": 23, "fields": {"created": "2023-02-04T10:22:13.701Z", "author": 1, "train": 1, "maintenance": 24, "maintenance_date": "2019-11-01", "place": "\u041c\u0421\u041a", "mileage": 596689, "comment": "from bitrix"}}, {"model": "train.donemaidate", "pk": 24, "fields": {"created": "2023-02-04T10:22:13.701Z", "author": 1, "train": 1, "maintenance": 25, "maintenance_date": "2019-12-26", "place": "\u0415\u041a\u0411", "mileage": 621722, "comment": "from bitrix"}}, {"model": "train.donemaidate", "pk": 25, "fields": {"created": "2023-02-04T10:22:13.701Z", "author": 1, "train": 1, "maintenance": 26, "maintenance_date": "2020-02-26", "place": "\u0415\u041a\u0411", "mileage": 648422, "comment": "from bitrix"}}, {"model": "train.donemaidate", "pk": 26, "fields": {"created": "2023-02-04T10:22:13.701Z", "author": 1, "train": 1, "maintenance": 27, "maintenance_date": "2020-04-21", "place": "\u0415\u041a\u0411", "mileage": 670892, "comment": "from bitrix"}}, {"model": "train.donemaidate", "pk": 27, "fields": {"created": "2023-02-04T10:22:13.701Z", "author": 1, "train": 1, "maintenance": 28, "maintenance_date": "2020-08-06", "place": "\u0415\u041a\u0411", "mileage": 697742, "comment": "from bitrix"}}, {"model": "train.donemaidate", "pk": 28, "fields": {"created": "2023-02-04T10:22:13.701Z", "author": 1, "train": 1, "maintenance": 29, "maintenance_date": "2020-10-13", "place": "\u0415\u041a\u0411", "mileage": 726684, "comment": "from bitrix"}}, {"model": "train.donemaidate", "pk": 29, "fields": {"created": "2023-02-04T10:22:13.701Z", "author": 1, "train": 1, "maintenance": 30, "maintenance_date": "2020-12-23", "place": "\u0415\u041a\u0411", "mileage": 756555, "comment": "from bitrix"}}, {"model": "train.donemaidate", "pk": 30, "fields": {"created": "2023-02-04T10:22:13.701Z", "author": 1, "train": 1, "maintenance": 31, "maintenance_date": "2021-03-03", "place": "\u0415\u041a\u0411", "mileage": 783175, "comment": "from bitrix"}}, {"model": "train.donemaidate", "pk": 31, "fields": {"created": "2023-02-04T10:22:13.701Z", "author": 1, "train": 1, "maintenance": 32, "maintenance_date": "2021-04-29", "place": "\u041c\u0421\u041a", "mileage": 809644, "comment": "from bitrix"}}, {"model": "train.donemaidate", "pk": 32, "fields": {"created": "2023-02-04T10:22:13.701Z", "author": 1, "train": 1, "maintenance": 33, "maintenance_date": "2021-07-29", "place": "\u0415\u041a\u0411", "mileage": 841146, "comment": "from bitrix"}}, {"model": "train.donemaidate", "pk": 33, "fields": {"created": "2023-02-04T10:22:13.701Z", "author": 1, "train": 1, "maintenance": 34, "maintenance_date": "2021-10-18", "place": "\u0415\u041a\u0411", "mileage": 873926, "comment": "from bitrix"}}, {"model": "train.donemaidate", "pk": 34, "fields": {"created": "2023-02-04T10:22:13.701Z", "author": 1, "train": 1, "maintenance": 35, "maintenance_date": "2021-12-25", "place": "\u0415\u041a\u0411", "mileage": 896541, "comment": "from bitrix"}}, {"model": "train.donemaidate", "pk": 35, "fields": {"created": "2023-02-04T10:22:13.701Z", "author": 1, "train": 1, "maintenance": 36, "maintenance_date": "2022-03-01", "place": "\u0415\u041a\u0411", "mileage": 925267, "comment": "from bitrix"}}, {"model": "train.donemaidate", "pk": 36, "fields": {"created": "2023-02-04T10:22:13.701Z", "author": 1, "train": 1, "maintenance": 37, "maintenance_date": "2022-05-04", "place": "\u0415\u041a\u0411", "mileage": 954933, "comment": "from bitrix"}}, {"model": "train.donemaidate", "pk": 37, "fields": {"created": "2023-02-04T10:22:13.701Z", "author": 1, "train": 1, "maintenance": 38, "maintenance_date": "2022-07-19", "place": "\u0415\u041a\u0411", "mileage": 985357, "comment": "from bitrix"}}, {"model": "train.donemaidate", "pk": 38, "fields": {"created": "2023-02-04T10:22:13.701Z", "author": 1, "train": 1, "maintenance": 39, "maintenance_date": "2022-10-22", "place": "\u041c\u0421\u041a", "mileage": 1018201, "comment": "from bitrix"}}, {"model": "train.donemaidate", "pk": 39, "fields": {"created": "2023-02-04T10:22:13.701Z", "author": 1, "train": 1, "maintenance": 40, "maintenance_date": "2022-12-31", "place": "\u041c\u0421\u041a", "mileage": 1061161, "comment": "from bitrix"}}, {"model": "train.donemaidate", "pk": 40, "fields": {"created": "2023-02-04T10:22:13.701Z", "author": 1, "train": 2, "maintenance": 1, "maintenance_date": "2015-10-17", "place": "\u041c\u0421\u041a", "mileage": 25516, "comment": "from bitrix"}}, {"model": "train.donemaidate", "pk": 41, "fields": {"created": "2023-02-04T10:22:13.701Z", "author": 1, "train": 2, "maintenance": 2, "maintenance_date": "2015-12-29", "place": "\u0415\u041a\u0411", "mileage": 56154, "comment": "from bitrix"}}, {"model": "train.donemaidate", "pk": 42, "fields": {"created": "2023-02-04T10:22:13.701Z", "author": 1, "train": 2, "maintenance": 3, "maintenance_date": "2016-02-15", "place": "\u0415\u041a\u0411", "mileage": 78314, "comment": "from bitrix"}}, {"model": "train.donemaidate", "pk": 43, "fields": {"created": "2023-02-04T10:22:13.701Z", "author": 1, "train": 2, "maintenance": 4, "maintenance_date": "2016-05-07", "place": "\u0415\u041a\u0411", "mileage": 104319, "comment": "from bitrix"}}, {"model": "train.donemaidate", "pk": 44, "fields": {"created": "2023-02-04T10:22:13.701Z", "author": 1, "train": 2, "maintenance": 5, "maintenance_date": "2016-06-21", "place": "\u041c\u0421\u041a", "mileage": 127608, "comment": "from bitrix"}}, {"model": "train.donemaidate", "pk": 45, "fields": {"created": "2023-02-04T10:22:13.701Z", "author": 1, "train": 2, "maintenance": 6, "maintenance_date": "2016-09-09", "place": "\u0415\u041a\u0411", "mileage": 157172, "comment": "from bitrix"}}, {"model": "train.donemaidate", "pk": 46, "fields": {"created": "2023-02-04T10:22:13.701Z", "author": 1, "train": 2, "maintenance": 8, "maintenance_date": "2016-11-05", "place": "\u041c\u0421\u041a", "mileage": 178434, "comment": "from bitrix"}}, {"model": "train.donemaidate", "pk": 47, "fields": {"created": "2023-02-04T10:22:13.701Z", "author": 1, "train": 2, "maintenance": 9, "maintenance_date": "2017-01-05", "place": "\u0415\u041a\u0411", "mileage": 205684, "comment": "from bitrix"}}, {"model": "train.donemaidate", "pk": 48, "fields": {"created": "2023-02-04T10:22:13.701Z", "author": 1, "train": 2, "maintenance": 10, "maintenance_date": "2017-03-13", "place": "\u041c\u0421\u041a", "mileage": 231586, "comment": "from bitrix"}}, {"model": "train.donemaidate", "pk": 49, "fields": {"created": "2023-02-04T10:22:13.701Z", "author": 1, "train": 2, "maintenance": 11, "maintenance_date": "2017-05-03", "place": "\u0415\u041a\u0411", "mileage": 254151, "comment": "from bitrix"}}, {"model": "train.donemaidate", "pk": 50, "fields": {"created": "2023-02-04T10:22:13.701Z", "author": 1, "train": 2, "maintenance": 12, "maintenance_date": "2017-07-09", "place": "\u041c\u0421\u041a", "mileage": 279301, "comment": "from bitrix"}}, {"model": "train.donemaidate", "pk": 51, "fields": {"created": "2023-02-04T10:22:13.701Z", "author": 1, "train": 2, "maintenance": 13, "maintenance_date": "2017-08-30", "place": "\u0415\u041a\u0411", "mileage": 304371, "comment": "from bitrix"}}, {"model": "train.donemaidate", "pk": 52, "fields": {"created": "2023-02-04T10:22:13.701Z", "author": 1, "train": 2, "maintenance": 14, "maintenance_date": "2017-10-24", "place": "\u0415\u041a\u0411", "mileage": 329279, "comment": "from bitrix"}}, {"model": "train.donemaidate", "pk": 53, "fields": {"created": "2023-02-04T10:22:13.701Z", "author": 1, "train": 2, "maintenance": 15, "maintenance_date": "2017-12-16", "place": "\u041c\u0421\u041a", "mileage": 352441, "comment": "from bitrix"}}, {"model": "train.donemaidate", "pk": 54, "fields": {"created": "2023-02-04T10:22:13.701Z", "author": 1, "train": 2, "maintenance": 16, "maintenance_date": "2018-02-14", "place": "\u041c\u0421\u041a", "mileage": 378512, "comment": "from bitrix"}}, {"model": "train.donemaidate", "pk": 55, "fields": {"created": "2023-02-04T10:22:13.701Z", "author": 1, "train": 2, "maintenance": 17, "maintenance_date": "2018-04-03", "place": "\u0415\u041a\u0411", "mileage": 400364, "comment": "from bitrix"}}, {"model": "train.donemaidate", "pk": 56, "fields": {"created": "2023-02-04T10:22:13.701Z", "author": 1, "train": 2, "maintenance": 18, "maintenance_date": "2018-07-03", "place": "\u0415\u041a\u0411", "mileage": 428795, "comment": "from bitrix"}}, {"model": "train.donemaidate", "pk": 57, "fields": {"created": "2023-02-04T10:22:13.701Z", "author": 1, "train": 2, "maintenance": 19, "maintenance_date": "2018-10-20", "place": "\u0415\u041a\u0411", "mileage": 458737, "comment": "from bitrix"}}, {"model": "train.donemaidate", "pk": 58, "fields": {"created": "2023-02-04T10:22:13.701Z", "author": 1, "train": 2, "maintenance": 20, "maintenance_date": "2018-12-28", "place": "\u0415\u041a\u0411", "mileage": 484224, "comment": "from bitrix"}}, {"model": "train.donemaidate", "pk": 59, "fields": {"created": "2023-02-04T10:22:13.701Z", "author": 1, "train": 2, "maintenance": 21, "maintenance_date": "2019-02-26", "place": "\u0415\u041a\u0411", "mileage": 513293, "comment": "from bitrix"}}, {"model": "train.donemaidate", "pk": 60, "fields": {"created": "2023-02-04T10:22:13.701Z", "author": 1, "train": 2, "maintenance": 22, "maintenance_date": "2019-05-07", "place": "\u0415\u041a\u0411", "mileage": 541269, "comment": "from bitrix"}}, {"model": "train.donemaidate", "pk": 61, "fields": {"created": "2023-02-04T10:22:13.701Z", "author": 1, "train": 2, "maintenance": 23, "maintenance_date": "2019-06-18", "place": "\u0415\u041a\u0411", "mileage": 562312, "comment": "from bitrix"}}, {"model": "train.donemaidate", "pk": 62, "fields": {"created": "2023-02-04T10:22:13.701Z", "author": 1, "train": 2, "maintenance": 24, "maintenance_date": "2019-09-01", "place": "\u041c\u0421\u041a", "mileage": 592899, "comment": "from bitrix"}}, {"model": "train.donemaidate", "pk": 63, "fields": {"created": "2023-02-04T10:22:13.701Z", "author": 1, "train": 2, "maintenance": 25, "maintenance_date": "2019-10-18", "place": "\u0415\u041a\u0411", "mileage": 614945, "comment": "from bitrix"}}, {"model": "train.donemaidate", "pk": 64, "fields": {"created": "2023-02-04T10:22:13.701Z", "author": 1, "train": 2, "maintenance": 26, "maintenance_date": "2019-12-22", "place": "\u0415\u041a\u0411", "mileage": 642070, "comment": "from bitrix"}}, {"model": "train.donemaidate", "pk": 65, "fields": {"created": "2023-02-04T10:22:13.701Z", "author": 1, "train": 2, "maintenance": 27, "maintenance_date": "2020-02-20", "place": "\u0415\u041a\u0411", "mileage": 669014, "comment": "from bitrix"}}, {"model": "train.donemaidate", "pk": 66, "fields": {"created": "2023-02-04T10:22:13.701Z", "author": 1, "train": 2, "maintenance": 28, "maintenance_date": "2020-04-16", "place": "\u0415\u041a\u0411", "mileage": 693526, "comment": "from bitrix"}}, {"model": "train.donemaidate", "pk": 67, "fields": {"created": "2023-02-04T10:22:13.701Z", "author": 1, "train": 2, "maintenance": 29, "maintenance_date": "2020-06-17", "place": "\u0415\u041a\u0411", "mileage": 720010, "comment": "from bitrix"}}, {"model": "train.donemaidate", "pk": 68, "fields": {"created": "2023-02-04T10:22:13.701Z", "author": 1, "train": 2, "maintenance": 30, "maintenance_date": "2020-08-25", "place": "\u0415\u041a\u0411", "mileage": 744891, "comment": "from bitrix"}}, {"model": "train.donemaidate", "pk": 69, "fields": {"created": "2023-02-04T10:22:13.701Z", "author": 1, "train": 2, "maintenance": 31, "maintenance_date": "2020-10-22", "place": "\u0415\u041a\u0411", "mileage": 770033, "comment": "from bitrix"}}, {"model": "train.donemaidate", "pk": 70, "fields": {"created": "2023-02-04T10:22:13.701Z", "author": 1, "train": 2, "maintenance": 32, "maintenance_date": "2021-01-01", "place": "\u041c\u0421\u041a", "mileage": 798880, "comment": "from bitrix"}}, {"model": "train.donemaidate", "pk": 71, "fields": {"created": "2023-02-04T10:22:13.701Z", "author": 1, "train": 2, "maintenance": 33, "maintenance_date": "2021-03-16", "place": "\u0415\u041a\u0411", "mileage": 827810, "comment": "from bitrix"}}, {"model": "train.donemaidate", "pk": 72, "fields": {"created": "2023-02-04T10:22:13.701Z", "author": 1, "train": 2, "maintenance": 34, "maintenance_date": "2021-06-08", "place": "\u0415\u041a\u0411", "mileage": 856993, "comment": "from bitrix"}}, {"model": "train.donemaidate", "pk": 73, "fields": {"created": "2023-02-04T10:22:13.701Z", "author": 1, "train": 2, "maintenance": 35, "maintenance_date": "2021-08-05", "place": "\u0415\u041a\u0411", "mileage": 885708, "comment": "from bitrix"}}, {"model": "train.donemaidate", "pk": 74, "fields": {"created": "2023-02-04T10:22:13.701Z", "author": 1, "train": 2, "maintenance": 36, "maintenance_date": "2021-10-10", "place": "\u0415\u041a\u0411", "mileage": 917904, "comment": "from bitrix"}}, {"model": "train.donemaidate", "pk": 75, "fields": {"created": "2023-02-04T10:22:13.701Z", "author": 1, "train": 2, "maintenance": 37, "maintenance_date": "2021-12-21", "place": "\u0415\u041a\u0411", "mileage": 944598, "comment": "from bitrix"}}, {"model": "train.donemaidate", "pk": 76, "fields": {"created": "2023-02-04T10:22:13.701Z", "author": 1, "train": 2, "maintenance": 38, "maintenance_date": "2022-04-06", "place": "\u0415\u041a\u0411", "mileage": 974184, "comment": "from bitrix"}}, {"model": "train.donemaidate", "pk": 77, "fields": {"created": "2023-02-04T10:22:13.701Z", "author": 1, "train": 2, "maintenance": 39, "maintenance_date": "2022-05-30", "place": "\u0415\u041a\u0411", "mileage": 996158, "comment": "from bitrix"}}, {"model": "train.donemaidate", "pk": 78, "fields": {"created": "2023-02-04T10:22:13.701Z", "author": 1, "train": 2, "maintenance": 40, "maintenance_date": "2022-08-08", "place": "\u041c\u0421\u041a", "mileage": 1028197, "comment": "from bitrix"}}, {"model": "train.donemaidate", "pk": 79, "fields": {"created": "2023-02-04T10:22:13.701Z", "author": 1, "train": 2, "maintenance": 41, "maintenance_date": "2022-10-07", "place": "\u0415\u041a\u0411", "mileage": 1057502, "comment": "from bitrix"}}, {"model": "train.donemaidate", "pk": 80, "fields": {"created": "2023-02-04T10:22:13.701Z", "author": 1, "train": 2, "maintenance": 42, "maintenance_date": "2022-12-20", "place": "\u0415\u041a\u0411", "mileage": 1099730, "comment": "from bitrix"}}, {"model": "train.donemaidate", "pk": 81, "fields": {"created": "2023-02-04T10:22:13.701Z", "author": 1, "train": 3, "maintenance": 1, "maintenance_date": "2015-11-02", "place": "\u041c\u0421\u041a", "mileage": 25645, "comment": "from bitrix"}}, {"model": "train.donemaidate", "pk": 82, "fields": {"created": "2023-02-04T10:22:13.701Z", "author": 1, "train": 3, "maintenance": 2, "maintenance_date": "2015-12-22", "place": "\u041c\u0421\u041a", "mileage": 48605, "comment": "from bitrix"}}, {"model": "train.donemaidate", "pk": 83, "fields": {"created": "2023-02-04T10:22:13.701Z", "author": 1, "train": 3, "maintenance": 3, "maintenance_date": "2016-03-10", "place": "\u0415\u041a\u0411", "mileage": 77669, "comment": "from bitrix"}}, {"model": "train.donemaidate", "pk": 84, "fields": {"created": "2023-02-04T10:22:13.701Z", "author": 1, "train": 3, "maintenance": 4, "maintenance_date": "2016-05-25", "place": "\u0415\u041a\u0411", "mileage": 106954, "comment": "from bitrix"}}, {"model": "train.donemaidate", "pk": 85, "fields": {"created": "2023-02-04T10:22:13.701Z", "author": 1, "train": 3, "maintenance": 5, "maintenance_date": "2016-07-07", "place": "\u0415\u041a\u0411", "mileage": 130345, "comment": "from bitrix"}}, {"model": "train.donemaidate", "pk": 86, "fields": {"created": "2023-02-04T10:22:13.701Z", "author": 1, "train": 3, "maintenance": 6, "maintenance_date": "2016-08-15", "place": "\u0415\u041a\u0411", "mileage": 152730, "comment": "from bitrix"}}, {"model": "train.donemaidate", "pk": 87, "fields": {"created": "2023-02-04T10:22:13.701Z", "author": 1, "train": 3, "maintenance": 8, "maintenance_date": "2016-10-12", "place": "\u041c\u0421\u041a", "mileage": 177140, "comment": "from bitrix"}}, {"model": "train.donemaidate", "pk": 88, "fields": {"created": "2023-02-04T10:22:13.701Z", "author": 1, "train": 3, "maintenance": 9, "maintenance_date": "2016-12-21", "place": "\u041c\u0421\u041a", "mileage": 205116, "comment": "from bitrix"}}, {"model": "train.donemaidate", "pk": 89, "fields": {"created": "2023-02-04T10:22:13.701Z", "author": 1, "train": 3, "maintenance": 10, "maintenance_date": "2017-02-16", "place": "\u0415\u041a\u0411", "mileage": 230727, "comment": "from bitrix"}}, {"model": "train.donemaidate", "pk": 90, "fields": {"created": "2023-02-04T10:22:13.701Z", "author": 1, "train": 3, "maintenance": 11, "maintenance_date": "2017-04-18", "place": "\u041c\u0421\u041a", "mileage": 256140, "comment": "from bitrix"}}, {"model": "train.donemaidate", "pk": 91, "fields": {"created": "2023-02-04T10:22:13.701Z", "author": 1, "train": 3, "maintenance": 12, "maintenance_date": "2017-06-15", "place": "\u0415\u041a\u0411", "mileage": 278619, "comment": "from bitrix"}}, {"model": "train.donemaidate", "pk": 92, "fields": {"created": "2023-02-04T10:22:13.701Z", "author": 1, "train": 3, "maintenance": 13, "maintenance_date": "2017-08-07", "place": "\u0415\u041a\u0411", "mileage": 303670, "comment": "from bitrix"}}, {"model": "train.donemaidate", "pk": 93, "fields": {"created": "2023-02-04T10:22:13.701Z", "author": 1, "train": 3, "maintenance": 14, "maintenance_date": "2017-10-03", "place": "\u0415\u041a\u0411", "mileage": 328146, "comment": "from bitrix"}}, {"model": "train.donemaidate", "pk": 94, "fields": {"created": "2023-02-04T10:22:13.701Z", "author": 1, "train": 3, "maintenance": 15, "maintenance_date": "2017-11-29", "place": "\u0415\u041a\u0411", "mileage": 351808, "comment": "from bitrix"}}, {"model": "train.donemaidate", "pk": 95, "fields": {"created": "2023-02-04T10:22:13.701Z", "author": 1, "train": 3, "maintenance": 16, "maintenance_date": "2018-01-21", "place": "\u041c\u0421\u041a", "mileage": 377092, "comment": "from bitrix"}}, {"model": "train.donemaidate", "pk": 96, "fields": {"created": "2023-02-04T10:22:13.701Z", "author": 1, "train": 3, "maintenance": 17, "maintenance_date": "2018-03-28", "place": "\u0415\u041a\u0411", "mileage": 401876, "comment": "from bitrix"}}, {"model": "train.donemaidate", "pk": 97, "fields": {"created": "2023-02-04T10:22:13.701Z", "author": 1, "train": 3, "maintenance": 18, "maintenance_date": "2018-06-04", "place": "\u0415\u041a\u0411", "mileage": 431996, "comment": "from bitrix"}}, {"model": "train.donemaidate", "pk": 98, "fields": {"created": "2023-02-04T10:22:13.701Z", "author": 1, "train": 3, "maintenance": 19, "maintenance_date": "2018-08-06", "place": "\u0415\u041a\u0411", "mileage": 461749, "comment": "from bitrix"}}, {"model": "train.donemaidate", "pk": 99, "fields": {"created": "2023-02-04T10:22:13.701Z", "author": 1, "train": 3, "maintenance": 20, "maintenance_date": "2018-10-30", "place": "\u0415\u041a\u0411", "mileage": 489665, "comment": "from bitrix"}}, {"model": "train.donemaidate", "pk": 100, "fields": {"created": "2023-02-04T10:22:13.701Z", "author": 1, "train": 3, "maintenance": 21, "maintenance_date": "2018-12-19", "place": "\u0415\u041a\u0411", "mileage": 515458, "comment": "from bitrix"}}, {"model": "train.donemaidate", "pk": 101, "fields": {"created": "2023-02-04T10:22:13.701Z", "author": 1, "train": 3, "maintenance": 22, "maintenance_date": "2019-03-08", "place": "\u041c\u0421\u041a", "mileage": 546114, "comment": "from bitrix"}}, {"model": "train.donemaidate", "pk": 102, "fields": {"created": "2023-02-04T10:22:13.701Z", "author": 1, "train": 3, "maintenance": 23, "maintenance_date": "2019-05-16", "place": "\u0415\u041a\u0411", "mileage": 572791, "comment": "from bitrix"}}, {"model": "train.donemaidate", "pk": 103, "fields": {"created": "2023-02-04T10:22:13.701Z", "author": 1, "train": 3, "maintenance": 24, "maintenance_date": "2019-06-30", "place": "\u041c\u0421\u041a", "mileage": 593454, "comment": "from bitrix"}}, {"model": "train.donemaidate", "pk": 104, "fields": {"created": "2023-02-04T10:22:13.701Z", "author": 1, "train": 3, "maintenance": 25, "maintenance_date": "2019-08-19", "place": "\u0415\u041a\u0411", "mileage": 619296, "comment": "from bitrix"}}, {"model": "train.donemaidate", "pk": 105, "fields": {"created": "2023-02-04T10:22:13.701Z", "author": 1, "train": 3, "maintenance": 26, "maintenance_date": "2019-10-04", "place": "\u0415\u041a\u0411", "mileage": 644459, "comment": "from bitrix"}}, {"model": "train.donemaidate", "pk": 106, "fields": {"created": "2023-02-04T10:22:13.701Z", "author": 1, "train": 3, "maintenance": 27, "maintenance_date": "2019-12-04", "place": "\u041c\u0421\u041a", "mileage": 671904, "comment": "from bitrix"}}, {"model": "train.donemaidate", "pk": 107, "fields": {"created": "2023-02-04T10:22:13.701Z", "author": 1, "train": 3, "maintenance": 28, "maintenance_date": "2020-02-09", "place": "\u0415\u041a\u0411", "mileage": 701731, "comment": "from bitrix"}}, {"model": "train.donemaidate", "pk": 108, "fields": {"created": "2023-02-04T10:22:13.701Z", "author": 1, "train": 3, "maintenance": 29, "maintenance_date": "2020-04-01", "place": "\u0415\u041a\u0411", "mileage": 726714, "comment": "from bitrix"}}, {"model": "train.donemaidate", "pk": 109, "fields": {"created": "2023-02-04T10:22:13.701Z", "author": 1, "train": 3, "maintenance": 30, "maintenance_date": "2020-06-03", "place": "\u0415\u041a\u0411", "mileage": 751035, "comment": "from bitrix"}}, {"model": "train.donemaidate", "pk": 110, "fields": {"created": "2023-02-04T10:22:13.701Z", "author": 1, "train": 3, "maintenance": 31, "maintenance_date": "2020-08-12", "place": "\u0415\u041a\u0411", "mileage": 777347, "comment": "from bitrix"}}, {"model": "train.donemaidate", "pk": 111, "fields": {"created": "2023-02-04T10:22:13.701Z", "author": 1, "train": 3, "maintenance": 32, "maintenance_date": "2020-10-06", "place": "\u041c\u0421\u041a", "mileage": 797220, "comment": "from bitrix"}}, {"model": "train.donemaidate", "pk": 112, "fields": {"created": "2023-02-04T10:22:13.701Z", "author": 1, "train": 3, "maintenance": 33, "maintenance_date": "2020-12-01", "place": "\u0415\u041a\u0411", "mileage": 821951, "comment": "from bitrix"}}, {"model": "train.donemaidate", "pk": 113, "fields": {"created": "2023-02-04T10:22:13.701Z", "author": 1, "train": 3, "maintenance": 34, "maintenance_date": "2021-01-29", "place": "\u0415\u041a\u0411", "mileage": 848259, "comment": "from bitrix"}}, {"model": "train.donemaidate", "pk": 114, "fields": {"created": "2023-02-04T10:22:13.701Z", "author": 1, "train": 3, "maintenance": 35, "maintenance_date": "2021-03-29", "place": "\u0415\u041a\u0411", "mileage": 869884, "comment": "from bitrix"}}, {"model": "train.donemaidate", "pk": 115, "fields": {"created": "2023-02-04T10:22:13.701Z", "author": 1, "train": 3, "maintenance": 36, "maintenance_date": "2021-06-26", "place": "\u0415\u041a\u0411", "mileage": 900216, "comment": "from bitrix"}}, {"model": "train.donemaidate", "pk": 116, "fields": {"created": "2023-02-04T10:22:13.701Z", "author": 1, "train": 3, "maintenance": 37, "maintenance_date": "2021-08-28", "place": "\u0415\u041a\u0411", "mileage": 928631, "comment": "from bitrix"}}, {"model": "train.donemaidate", "pk": 117, "fields": {"created": "2023-02-04T10:22:13.701Z", "author": 1, "train": 3, "maintenance": 38, "maintenance_date": "2021-10-26", "place": "\u0415\u041a\u0411", "mileage": 958092, "comment": "from bitrix"}}, {"model": "train.donemaidate", "pk": 118, "fields": {"created": "2023-02-04T10:22:13.701Z", "author": 1, "train": 3, "maintenance": 39, "maintenance_date": "2021-12-29", "place": "\u0415\u041a\u0411", "mileage": 979585, "comment": "from bitrix"}}, {"model": "train.donemaidate", "pk": 119, "fields": {"created": "2023-02-04T10:22:13.701Z", "author": 1, "train": 3, "maintenance": 40, "maintenance_date": "2022-04-21", "place": "\u041c\u0421\u041a", "mileage": 1006222, "comment": "from bitrix"}}, {"model": "train.donemaidate", "pk": 120, "fields": {"created": "2023-02-04T10:22:13.701Z", "author": 1, "train": 3, "maintenance": 41, "maintenance_date": "2022-06-24", "place": "\u0415\u041a\u0411", "mileage": 1030687, "comment": "from bitrix"}}, {"model": "train.donemaidate", "pk": 121, "fields": {"created": "2023-02-04T10:22:13.701Z", "author": 1, "train": 3, "maintenance": 42, "maintenance_date": "2022-08-29", "place": "\u0415\u041a\u0411", "mileage": 1052172, "comment": "from bitrix"}}, {"model": "train.donemaidate", "pk": 122, "fields": {"created": "2023-02-04T10:22:13.701Z", "author": 1, "train": 3, "maintenance": 43, "maintenance_date": "2022-10-12", "place": "\u0415\u041a\u0411", "mileage": 1078943, "comment": "from bitrix"}}, {"model": "train.donemaidate", "pk": 123, "fields": {"created": "2023-02-04T10:22:13.701Z", "author": 1, "train": 3, "maintenance": 44, "maintenance_date": "2022-12-17", "place": "\u0415\u041a\u0411", "mileage": 1116295, "comment": "from bitrix"}}, {"model": "train.donemaidate", "pk": 124, "fields": {"created": "2023-02-04T10:22:13.701Z", "author": 1, "train": 3, "maintenance": 45, "maintenance_date": "2023-02-01", "place": "\u0415\u041a\u0411", "mileage": 1146382, "comment": "from bitrix"}}, {"model": "train.donemaidate", "pk": 125, "fields": {"created": "2023-02-04T10:22:13.701Z", "author": 1, "train": 4, "maintenance": 1, "maintenance_date": "2015-11-03", "place": "\u041c\u0421\u041a", "mileage": 22171, "comment": "from bitrix"}}, {"model": "train.donemaidate", "pk": 126, "fields": {"created": "2023-02-04T10:22:13.701Z", "author": 1, "train": 4, "maintenance": 2, "maintenance_date": "2015-12-19", "place": "\u041c\u0421\u041a", "mileage": 45112, "comment": "from bitrix"}}, {"model": "train.donemaidate", "pk": 127, "fields": {"created": "2023-02-04T10:22:13.701Z", "author": 1, "train": 4, "maintenance": 3, "maintenance_date": "2016-02-26", "place": "\u0415\u041a\u0411", "mileage": 73728, "comment": "from bitrix"}}, {"model": "train.donemaidate", "pk": 128, "fields": {"created": "2023-02-04T10:22:13.701Z", "author": 1, "train": 4, "maintenance": 4, "maintenance_date": "2016-04-14", "place": "\u0415\u041a\u0411", "mileage": 100077, "comment": "from bitrix"}}, {"model": "train.donemaidate", "pk": 129, "fields": {"created": "2023-02-04T10:22:13.701Z", "author": 1, "train": 4, "maintenance": 5, "maintenance_date": "2016-06-17", "place": "\u0415\u041a\u0411", "mileage": 126708, "comment": "from bitrix"}}, {"model": "train.donemaidate", "pk": 130, "fields": {"created": "2023-02-04T10:22:13.701Z", "author": 1, "train": 4, "maintenance": 6, "maintenance_date": "2016-08-13", "place": "\u0415\u041a\u0411", "mileage": 149986, "comment": "from bitrix"}}, {"model": "train.donemaidate", "pk": 131, "fields": {"created": "2023-02-04T10:22:13.701Z", "author": 1, "train": 4, "maintenance": 7, "maintenance_date": "2016-09-28", "place": "\u0415\u041a\u0411", "mileage": 175065, "comment": "from bitrix"}}, {"model": "train.donemaidate", "pk": 132, "fields": {"created": "2023-02-04T10:22:13.701Z", "author": 1, "train": 4, "maintenance": 8, "maintenance_date": "2016-10-12", "place": "\u041c\u0421\u041a", "mileage": 175066, "comment": "from bitrix"}}, {"model": "train.donemaidate", "pk": 133, "fields": {"created": "2023-02-04T10:22:13.701Z", "author": 1, "train": 4, "maintenance": 9, "maintenance_date": "2016-12-14", "place": "\u0415\u041a\u0411", "mileage": 202492, "comment": "from bitrix"}}, {"model": "train.donemaidate", "pk": 134, "fields": {"created": "2023-02-04T10:22:13.701Z", "author": 1, "train": 4, "maintenance": 10, "maintenance_date": "2017-02-04", "place": "\u041c\u0421\u041a", "mileage": 222514, "comment": "from bitrix"}}, {"model": "train.donemaidate", "pk": 135, "fields": {"created": "2023-02-04T10:22:13.701Z", "author": 1, "train": 4, "maintenance": 11, "maintenance_date": "2017-04-03", "place": "\u0415\u041a\u0411", "mileage": 248723, "comment": "from bitrix"}}, {"model": "train.donemaidate", "pk": 136, "fields": {"created": "2023-02-04T10:22:13.701Z", "author": 1, "train": 4, "maintenance": 12, "maintenance_date": "2017-05-20", "place": "\u041c\u0421\u041a", "mileage": 262680, "comment": "from bitrix"}}, {"model": "train.donemaidate", "pk": 137, "fields": {"created": "2023-02-04T10:22:13.701Z", "author": 1, "train": 4, "maintenance": 13, "maintenance_date": "2017-07-13", "place": "\u0415\u041a\u0411", "mileage": 283294, "comment": "from bitrix"}}, {"model": "train.donemaidate", "pk": 138, "fields": {"created": "2023-02-04T10:22:13.701Z", "author": 1, "train": 4, "maintenance": 14, "maintenance_date": "2017-09-07", "place": "\u0415\u041a\u0411", "mileage": 307814, "comment": "from bitrix"}}, {"model": "train.donemaidate", "pk": 139, "fields": {"created": "2023-02-04T10:22:13.701Z", "author": 1, "train": 4, "maintenance": 15, "maintenance_date": "2017-11-02", "place": "\u0415\u041a\u0411", "mileage": 328599, "comment": "from bitrix"}}, {"model": "train.donemaidate", "pk": 140, "fields": {"created": "2023-02-04T10:22:13.701Z", "author": 1, "train": 4, "maintenance": 16, "maintenance_date": "2018-03-02", "place": "\u041c\u0421\u041a", "mileage": 382737, "comment": "from bitrix"}}, {"model": "train.donemaidate", "pk": 141, "fields": {"created": "2023-02-04T10:22:13.701Z", "author": 1, "train": 4, "maintenance": 17, "maintenance_date": "2018-04-30", "place": "\u0415\u041a\u0411", "mileage": 410327, "comment": "from bitrix"}}, {"model": "train.donemaidate", "pk": 142, "fields": {"created": "2023-02-04T10:22:13.701Z", "author": 1, "train": 4, "maintenance": 18, "maintenance_date": "2018-07-18", "place": "\u0415\u041a\u0411", "mileage": 440207, "comment": "from bitrix"}}, {"model": "train.donemaidate", "pk": 143, "fields": {"created": "2023-02-04T10:22:13.701Z", "author": 1, "train": 4, "maintenance": 19, "maintenance_date": "2018-09-20", "place": "\u0415\u041a\u0411", "mileage": 466898, "comment": "from bitrix"}}, {"model": "train.donemaidate", "pk": 144, "fields": {"created": "2023-02-04T10:22:13.701Z", "author": 1, "train": 4, "maintenance": 20, "maintenance_date": "2018-11-14", "place": "\u0415\u041a\u0411", "mileage": 495639, "comment": "from bitrix"}}, {"model": "train.donemaidate", "pk": 145, "fields": {"created": "2023-02-04T10:22:13.701Z", "author": 1, "train": 4, "maintenance": 21, "maintenance_date": "2019-01-10", "place": "\u0415\u041a\u0411", "mileage": 522090, "comment": "from bitrix"}}, {"model": "train.donemaidate", "pk": 146, "fields": {"created": "2023-02-04T10:22:13.701Z", "author": 1, "train": 4, "maintenance": 22, "maintenance_date": "2019-03-27", "place": "\u0415\u041a\u0411", "mileage": 551205, "comment": "from bitrix"}}, {"model": "train.donemaidate", "pk": 147, "fields": {"created": "2023-02-04T10:22:13.701Z", "author": 1, "train": 4, "maintenance": 23, "maintenance_date": "2019-05-21", "place": "\u0415\u041a\u0411", "mileage": 575825, "comment": "from bitrix"}}, {"model": "train.donemaidate", "pk": 148, "fields": {"created": "2023-02-04T10:22:13.701Z", "author": 1, "train": 4, "maintenance": 24, "maintenance_date": "2019-07-29", "place": "\u041c\u0421\u041a", "mileage": 603122, "comment": "from bitrix"}}, {"model": "train.donemaidate", "pk": 149, "fields": {"created": "2023-02-04T10:22:13.701Z", "author": 1, "train": 4, "maintenance": 25, "maintenance_date": "2019-09-29", "place": "\u0415\u041a\u0411", "mileage": 628018, "comment": "from bitrix"}}, {"model": "train.donemaidate", "pk": 150, "fields": {"created": "2023-02-04T10:22:13.701Z", "author": 1, "train": 4, "maintenance": 26, "maintenance_date": "2019-11-20", "place": "\u0415\u041a\u0411", "mileage": 654295, "comment": "from bitrix"}}, {"model": "train.donemaidate", "pk": 151, "fields": {"created": "2023-02-04T10:22:13.701Z", "author": 1, "train": 4, "maintenance": 27, "maintenance_date": "2020-01-23", "place": "\u0415\u041a\u0411", "mileage": 681188, "comment": "from bitrix"}}, {"model": "train.donemaidate", "pk": 152, "fields": {"created": "2023-02-04T10:22:13.701Z", "author": 1, "train": 4, "maintenance": 28, "maintenance_date": "2020-03-12", "place": "\u0415\u041a\u0411", "mileage": 706760, "comment": "from bitrix"}}, {"model": "train.donemaidate", "pk": 153, "fields": {"created": "2023-02-04T10:22:13.701Z", "author": 1, "train": 4, "maintenance": 29, "maintenance_date": "2020-06-08", "place": "\u0415\u041a\u0411", "mileage": 735572, "comment": "from bitrix"}}, {"model": "train.donemaidate", "pk": 154, "fields": {"created": "2023-02-04T10:22:13.701Z", "author": 1, "train": 4, "maintenance": 30, "maintenance_date": "2020-08-01", "place": "\u0415\u041a\u0411", "mileage": 761115, "comment": "from bitrix"}}, {"model": "train.donemaidate", "pk": 155, "fields": {"created": "2023-02-04T10:22:13.701Z", "author": 1, "train": 4, "maintenance": 31, "maintenance_date": "2020-09-28", "place": "\u0415\u041a\u0411", "mileage": 790298, "comment": "from bitrix"}}, {"model": "train.donemaidate", "pk": 156, "fields": {"created": "2023-02-04T10:22:13.701Z", "author": 1, "train": 4, "maintenance": 32, "maintenance_date": "2020-11-23", "place": "\u041c\u0421\u041a", "mileage": 816799, "comment": "from bitrix"}}, {"model": "train.donemaidate", "pk": 157, "fields": {"created": "2023-02-04T10:22:13.701Z", "author": 1, "train": 4, "maintenance": 33, "maintenance_date": "2021-02-05", "place": "\u0415\u041a\u0411", "mileage": 843084, "comment": "from bitrix"}}, {"model": "train.donemaidate", "pk": 158, "fields": {"created": "2023-02-04T10:22:13.701Z", "author": 1, "train": 4, "maintenance": 34, "maintenance_date": "2021-04-21", "place": "\u0415\u041a\u0411", "mileage": 871954, "comment": "from bitrix"}}, {"model": "train.donemaidate", "pk": 159, "fields": {"created": "2023-02-04T10:22:13.701Z", "author": 1, "train": 4, "maintenance": 35, "maintenance_date": "2021-07-01", "place": "\u0415\u041a\u0411", "mileage": 901856, "comment": "from bitrix"}}, {"model": "train.donemaidate", "pk": 160, "fields": {"created": "2023-02-04T10:22:13.701Z", "author": 1, "train": 4, "maintenance": 36, "maintenance_date": "2021-09-09", "place": "\u0415\u041a\u0411", "mileage": 930031, "comment": "from bitrix"}}, {"model": "train.donemaidate", "pk": 161, "fields": {"created": "2023-02-04T10:22:13.701Z", "author": 1, "train": 4, "maintenance": 37, "maintenance_date": "2021-11-11", "place": "\u0415\u041a\u0411", "mileage": 952323, "comment": "from bitrix"}}, {"model": "train.donemaidate", "pk": 162, "fields": {"created": "2023-02-04T10:22:13.701Z", "author": 1, "train": 4, "maintenance": 38, "maintenance_date": "2022-01-06", "place": "\u0415\u041a\u0411", "mileage": 972293, "comment": "from bitrix"}}, {"model": "train.donemaidate", "pk": 163, "fields": {"created": "2023-02-04T10:22:13.701Z", "author": 1, "train": 4, "maintenance": 39, "maintenance_date": "2022-04-29", "place": "\u0415\u041a\u0411", "mileage": 1002081, "comment": "from bitrix"}}, {"model": "train.donemaidate", "pk": 164, "fields": {"created": "2023-02-04T10:22:13.701Z", "author": 1, "train": 4, "maintenance": 40, "maintenance_date": "2022-07-11", "place": "\u041c\u0421\u041a", "mileage": 1033787, "comment": "from bitrix"}}, {"model": "train.donemaidate", "pk": 165, "fields": {"created": "2023-02-04T10:22:13.701Z", "author": 1, "train": 4, "maintenance": 41, "maintenance_date": "2022-09-13", "place": "\u0415\u041a\u0411", "mileage": 1059560, "comment": "from bitrix"}}, {"model": "train.donemaidate", "pk": 166, "fields": {"created": "2023-02-04T10:22:13.701Z", "author": 1, "train": 4, "maintenance": 42, "maintenance_date": "2022-10-18", "place": "\u0415\u041a\u0411", "mileage": 1085223, "comment": "from bitrix"}}, {"model": "train.donemaidate", "pk": 167, "fields": {"created": "2023-02-04T10:22:13.701Z", "author": 1, "train": 4, "maintenance": 43, "maintenance_date": "2022-12-13", "place": "\u0415\u041a\u0411", "mileage": 1121550, "comment": "from bitrix"}}, {"model": "train.donemaidate", "pk": 168, "fields": {"created": "2023-02-04T10:22:13.701Z", "author": 1, "train": 5, "maintenance": 1, "maintenance_date": "2015-11-06", "place": "\u041c\u0421\u041a", "mileage": 24072, "comment": "from bitrix"}}, {"model": "train.donemaidate", "pk": 169, "fields": {"created": "2023-02-04T10:22:13.701Z", "author": 1, "train": 5, "maintenance": 2, "maintenance_date": "2015-12-30", "place": "\u041c\u0421\u041a", "mileage": 50823, "comment": "from bitrix"}}, {"model": "train.donemaidate", "pk": 170, "fields": {"created": "2023-02-04T10:22:13.701Z", "author": 1, "train": 5, "maintenance": 3, "maintenance_date": "2016-02-25", "place": "\u041c\u0421\u041a", "mileage": 80296, "comment": "from bitrix"}}, {"model": "train.donemaidate", "pk": 171, "fields": {"created": "2023-02-04T10:22:13.701Z", "author": 1, "train": 5, "maintenance": 4, "maintenance_date": "2016-04-10", "place": "\u041c\u0421\u041a", "mileage": 107104, "comment": "from bitrix"}}, {"model": "train.donemaidate", "pk": 172, "fields": {"created": "2023-02-04T10:22:13.701Z", "author": 1, "train": 5, "maintenance": 5, "maintenance_date": "2016-05-24", "place": "\u041c\u0421\u041a", "mileage": 130395, "comment": "from bitrix"}}, {"model": "train.donemaidate", "pk": 173, "fields": {"created": "2023-02-04T10:22:13.701Z", "author": 1, "train": 5, "maintenance": 6, "maintenance_date": "2016-09-19", "place": "\u041c\u0421\u041a", "mileage": 157846, "comment": "from bitrix"}}, {"model": "train.donemaidate", "pk": 174, "fields": {"created": "2023-02-04T10:22:13.701Z", "author": 1, "train": 5, "maintenance": 7, "maintenance_date": "2016-11-05", "place": "\u041c\u0421\u041a", "mileage": 184679, "comment": "from bitrix"}}, {"model": "train.donemaidate", "pk": 175, "fields": {"created": "2023-02-04T10:22:13.701Z", "author": 1, "train": 5, "maintenance": 8, "maintenance_date": "2016-12-28", "place": "\u041c\u0421\u041a", "mileage": 217393, "comment": "from bitrix"}}, {"model": "train.donemaidate", "pk": 176, "fields": {"created": "2023-02-04T10:22:13.701Z", "author": 1, "train": 5, "maintenance": 9, "maintenance_date": "2017-02-11", "place": "\u041c\u0421\u041a", "mileage": 240829, "comment": "from bitrix"}}, {"model": "train.donemaidate", "pk": 177, "fields": {"created": "2023-02-04T10:22:13.701Z", "author": 1, "train": 5, "maintenance": 10, "maintenance_date": "2017-03-18", "place": "\u041c\u0421\u041a", "mileage": 261482, "comment": "from bitrix"}}, {"model": "train.donemaidate", "pk": 178, "fields": {"created": "2023-02-04T10:22:13.701Z", "author": 1, "train": 5, "maintenance": 11, "maintenance_date": "2017-05-08", "place": "\u041c\u0421\u041a", "mileage": 286726, "comment": "from bitrix"}}, {"model": "train.donemaidate", "pk": 179, "fields": {"created": "2023-02-04T10:22:13.701Z", "author": 1, "train": 5, "maintenance": 12, "maintenance_date": "2017-06-20", "place": "\u041c\u0421\u041a", "mileage": 318812, "comment": "from bitrix"}}, {"model": "train.donemaidate", "pk": 180, "fields": {"created": "2023-02-04T10:22:13.701Z", "author": 1, "train": 5, "maintenance": 13, "maintenance_date": "2017-09-10", "place": "\u0421\u041f\u0411", "mileage": 345246, "comment": "from bitrix"}}, {"model": "train.donemaidate", "pk": 181, "fields": {"created": "2023-02-04T10:22:13.701Z", "author": 1, "train": 5, "maintenance": 14, "maintenance_date": "2017-11-19", "place": "\u0421\u041f\u0411", "mileage": 369823, "comment": "from bitrix"}}, {"model": "train.donemaidate", "pk": 182, "fields": {"created": "2023-02-04T10:22:13.701Z", "author": 1, "train": 5, "maintenance": 15, "maintenance_date": "2018-02-06", "place": "\u0415\u041a\u0411", "mileage": 392071, "comment": "from bitrix"}}, {"model": "train.donemaidate", "pk": 183, "fields": {"created": "2023-02-04T10:22:13.701Z", "author": 1, "train": 5, "maintenance": 16, "maintenance_date": "2018-04-10", "place": "\u041c\u0421\u041a", "mileage": 416719, "comment": "from bitrix"}}, {"model": "train.donemaidate", "pk": 184, "fields": {"created": "2023-02-04T10:22:13.701Z", "author": 1, "train": 5, "maintenance": 17, "maintenance_date": "2018-06-10", "place": "\u0415\u041a\u0411", "mileage": 443028, "comment": "from bitrix"}}, {"model": "train.donemaidate", "pk": 185, "fields": {"created": "2023-02-04T10:22:13.701Z", "author": 1, "train": 5, "maintenance": 18, "maintenance_date": "2018-08-21", "place": "\u0415\u041a\u0411", "mileage": 471922, "comment": "from bitrix"}}, {"model": "train.donemaidate", "pk": 186, "fields": {"created": "2023-02-04T10:22:13.701Z", "author": 1, "train": 5, "maintenance": 19, "maintenance_date": "2018-10-24", "place": "\u0415\u041a\u0411", "mileage": 501490, "comment": "from bitrix"}}, {"model": "train.donemaidate", "pk": 187, "fields": {"created": "2023-02-04T10:22:13.701Z", "author": 1, "train": 5, "maintenance": 20, "maintenance_date": "2019-01-16", "place": "\u0415\u041a\u0411", "mileage": 529840, "comment": "from bitrix"}}, {"model": "train.donemaidate", "pk": 188, "fields": {"created": "2023-02-04T10:22:13.701Z", "author": 1, "train": 5, "maintenance": 21, "maintenance_date": "2019-03-01", "place": "\u0415\u041a\u0411", "mileage": 552232, "comment": "from bitrix"}}, {"model": "train.donemaidate", "pk": 189, "fields": {"created": "2023-02-04T10:22:13.701Z", "author": 1, "train": 5, "maintenance": 22, "maintenance_date": "2019-04-29", "place": "\u0415\u041a\u0411", "mileage": 578488, "comment": "from bitrix"}}, {"model": "train.donemaidate", "pk": 190, "fields": {"created": "2023-02-04T10:22:13.701Z", "author": 1, "train": 5, "maintenance": 23, "maintenance_date": "2019-07-12", "place": "\u0415\u041a\u0411", "mileage": 603142, "comment": "from bitrix"}}, {"model": "train.donemaidate", "pk": 191, "fields": {"created": "2023-02-04T10:22:13.701Z", "author": 1, "train": 5, "maintenance": 24, "maintenance_date": "2019-09-16", "place": "\u041c\u0421\u041a", "mileage": 630926, "comment": "from bitrix"}}, {"model": "train.donemaidate", "pk": 192, "fields": {"created": "2023-02-04T10:22:13.701Z", "author": 1, "train": 5, "maintenance": 25, "maintenance_date": "2019-11-14", "place": "\u0415\u041a\u0411", "mileage": 655970, "comment": "from bitrix"}}, {"model": "train.donemaidate", "pk": 193, "fields": {"created": "2023-02-04T10:22:13.701Z", "author": 1, "train": 5, "maintenance": 26, "maintenance_date": "2020-01-18", "place": "\u0415\u041a\u0411", "mileage": 685096, "comment": "from bitrix"}}, {"model": "train.donemaidate", "pk": 194, "fields": {"created": "2023-02-04T10:22:13.701Z", "author": 1, "train": 5, "maintenance": 27, "maintenance_date": "2020-03-05", "place": "\u0415\u041a\u0411", "mileage": 707142, "comment": "from bitrix"}}, {"model": "train.donemaidate", "pk": 195, "fields": {"created": "2023-02-04T10:22:13.701Z", "author": 1, "train": 5, "maintenance": 28, "maintenance_date": "2020-04-30", "place": "\u0415\u041a\u0411", "mileage": 731728, "comment": "from bitrix"}}, {"model": "train.donemaidate", "pk": 196, "fields": {"created": "2023-02-04T10:22:13.701Z", "author": 1, "train": 5, "maintenance": 29, "maintenance_date": "2020-06-25", "place": "\u0415\u041a\u0411", "mileage": 752931, "comment": "from bitrix"}}, {"model": "train.donemaidate", "pk": 197, "fields": {"created": "2023-02-04T10:22:13.701Z", "author": 1, "train": 5, "maintenance": 30, "maintenance_date": "2020-09-02", "place": "\u0415\u041a\u0411", "mileage": 778241, "comment": "from bitrix"}}, {"model": "train.donemaidate", "pk": 198, "fields": {"created": "2023-02-04T10:22:13.701Z", "author": 1, "train": 5, "maintenance": 31, "maintenance_date": "2020-11-12", "place": "\u0415\u041a\u0411", "mileage": 803698, "comment": "from bitrix"}}, {"model": "train.donemaidate", "pk": 199, "fields": {"created": "2023-02-04T10:22:13.701Z", "author": 1, "train": 5, "maintenance": 32, "maintenance_date": "2021-01-18", "place": "\u041c\u0421\u041a", "mileage": 832009, "comment": "from bitrix"}}, {"model": "train.donemaidate", "pk": 200, "fields": {"created": "2023-02-04T10:22:13.701Z", "author": 1, "train": 5, "maintenance": 33, "maintenance_date": "2021-03-26", "place": "\u0415\u041a\u0411", "mileage": 852755, "comment": "from bitrix"}}, {"model": "train.donemaidate", "pk": 201, "fields": {"created": "2023-02-04T10:22:13.701Z", "author": 1, "train": 5, "maintenance": 34, "maintenance_date": "2021-06-18", "place": "\u0415\u041a\u0411", "mileage": 882174, "comment": "from bitrix"}}, {"model": "train.donemaidate", "pk": 202, "fields": {"created": "2023-02-04T10:22:13.701Z", "author": 1, "train": 5, "maintenance": 35, "maintenance_date": "2021-08-19", "place": "\u0415\u041a\u0411", "mileage": 912102, "comment": "from bitrix"}}, {"model": "train.donemaidate", "pk": 203, "fields": {"created": "2023-02-04T10:22:13.701Z", "author": 1, "train": 5, "maintenance": 36, "maintenance_date": "2021-11-10", "place": "\u0415\u041a\u0411", "mileage": 940373, "comment": "from bitrix"}}, {"model": "train.donemaidate", "pk": 204, "fields": {"created": "2023-02-04T10:22:13.701Z", "author": 1, "train": 5, "maintenance": 37, "maintenance_date": "2022-02-16", "place": "\u0415\u041a\u0411", "mileage": 970250, "comment": "from bitrix"}}, {"model": "train.donemaidate", "pk": 205, "fields": {"created": "2023-02-04T10:22:13.701Z", "author": 1, "train": 5, "maintenance": 38, "maintenance_date": "2022-04-18", "place": "\u0415\u041a\u0411", "mileage": 999200, "comment": "from bitrix"}}, {"model": "train.donemaidate", "pk": 206, "fields": {"created": "2023-02-04T10:22:13.701Z", "author": 1, "train": 5, "maintenance": 39, "maintenance_date": "2022-07-11", "place": "\u0415\u041a\u0411", "mileage": 1028786, "comment": "from bitrix"}}, {"model": "train.donemaidate", "pk": 207, "fields": {"created": "2023-02-04T10:22:13.701Z", "author": 1, "train": 5, "maintenance": 40, "maintenance_date": "2022-09-12", "place": "\u041c\u0421\u041a", "mileage": 1059513, "comment": "from bitrix"}}, {"model": "train.donemaidate", "pk": 208, "fields": {"created": "2023-02-04T10:22:13.701Z", "author": 1, "train": 5, "maintenance": 41, "maintenance_date": "2022-11-30", "place": "\u0415\u041a\u0411", "mileage": 1091503, "comment": "from bitrix"}}, {"model": "train.donemaidate", "pk": 209, "fields": {"created": "2023-02-04T10:22:13.701Z", "author": 1, "train": 6, "maintenance": 1, "maintenance_date": "2015-11-15", "place": "\u041c\u0421\u041a", "mileage": 27738, "comment": "from bitrix"}}, {"model": "train.donemaidate", "pk": 210, "fields": {"created": "2023-02-04T10:22:13.701Z", "author": 1, "train": 6, "maintenance": 2, "maintenance_date": "2015-12-29", "place": "\u041c\u0421\u041a", "mileage": 53868, "comment": "from bitrix"}}, {"model": "train.donemaidate", "pk": 211, "fields": {"created": "2023-02-04T10:22:13.701Z", "author": 1, "train": 6, "maintenance": 3, "maintenance_date": "2016-02-22", "place": "\u041c\u0421\u041a", "mileage": 80711, "comment": "from bitrix"}}, {"model": "train.donemaidate", "pk": 212, "fields": {"created": "2023-02-04T10:22:13.701Z", "author": 1, "train": 6, "maintenance": 4, "maintenance_date": "2016-04-08", "place": "\u041c\u0421\u041a", "mileage": 101705, "comment": "from bitrix"}}, {"model": "train.donemaidate", "pk": 213, "fields": {"created": "2023-02-04T10:22:13.701Z", "author": 1, "train": 6, "maintenance": 5, "maintenance_date": "2016-05-28", "place": "\u041c\u0421\u041a", "mileage": 127498, "comment": "from bitrix"}}, {"model": "train.donemaidate", "pk": 214, "fields": {"created": "2023-02-04T10:22:13.701Z", "author": 1, "train": 6, "maintenance": 6, "maintenance_date": "2016-05-29", "place": "\u041c\u0421\u041a", "mileage": 153013, "comment": "from bitrix"}}, {"model": "train.donemaidate", "pk": 215, "fields": {"created": "2023-02-04T10:22:13.701Z", "author": 1, "train": 6, "maintenance": 7, "maintenance_date": "2016-09-03", "place": "\u041c\u0421\u041a", "mileage": 180757, "comment": "from bitrix"}}, {"model": "train.donemaidate", "pk": 216, "fields": {"created": "2023-02-04T10:22:13.701Z", "author": 1, "train": 6, "maintenance": 8, "maintenance_date": "2016-11-17", "place": "\u041c\u0421\u041a", "mileage": 213347, "comment": "from bitrix"}}, {"model": "train.donemaidate", "pk": 217, "fields": {"created": "2023-02-04T10:22:13.701Z", "author": 1, "train": 6, "maintenance": 9, "maintenance_date": "2017-01-01", "place": "\u041c\u0421\u041a", "mileage": 238973, "comment": "from bitrix"}}, {"model": "train.donemaidate", "pk": 218, "fields": {"created": "2023-02-04T10:22:13.701Z", "author": 1, "train": 6, "maintenance": 10, "maintenance_date": "2017-02-14", "place": "\u041c\u0421\u041a", "mileage": 260483, "comment": "from bitrix"}}, {"model": "train.donemaidate", "pk": 219, "fields": {"created": "2023-02-04T10:22:13.701Z", "author": 1, "train": 6, "maintenance": 11, "maintenance_date": "2017-03-28", "place": "\u041c\u0421\u041a", "mileage": 289271, "comment": "from bitrix"}}, {"model": "train.donemaidate", "pk": 220, "fields": {"created": "2023-02-04T10:22:13.701Z", "author": 1, "train": 6, "maintenance": 12, "maintenance_date": "2017-05-08", "place": "\u041c\u0421\u041a", "mileage": 313387, "comment": "from bitrix"}}, {"model": "train.donemaidate", "pk": 221, "fields": {"created": "2023-02-04T10:22:13.701Z", "author": 1, "train": 6, "maintenance": 13, "maintenance_date": "2017-06-20", "place": "\u041c\u0421\u041a", "mileage": 338617, "comment": "from bitrix"}}, {"model": "train.donemaidate", "pk": 222, "fields": {"created": "2023-02-04T10:22:13.701Z", "author": 1, "train": 6, "maintenance": 14, "maintenance_date": "2017-08-07", "place": "\u041c\u0421\u041a", "mileage": 367102, "comment": "from bitrix"}}, {"model": "train.donemaidate", "pk": 223, "fields": {"created": "2023-02-04T10:22:13.701Z", "author": 1, "train": 6, "maintenance": 15, "maintenance_date": "2017-09-19", "place": "\u041c\u0421\u041a", "mileage": 393369, "comment": "from bitrix"}}, {"model": "train.donemaidate", "pk": 224, "fields": {"created": "2023-02-04T10:22:13.701Z", "author": 1, "train": 6, "maintenance": 16, "maintenance_date": "2017-10-29", "place": "\u041c\u0421\u041a", "mileage": 420009, "comment": "from bitrix"}}, {"model": "train.donemaidate", "pk": 225, "fields": {"created": "2023-02-04T10:22:13.701Z", "author": 1, "train": 6, "maintenance": 17, "maintenance_date": "2018-02-21", "place": "\u0421\u041f\u0411", "mileage": 449422, "comment": "from bitrix"}}, {"model": "train.donemaidate", "pk": 226, "fields": {"created": "2023-02-04T10:22:13.701Z", "author": 1, "train": 6, "maintenance": 18, "maintenance_date": "2018-05-06", "place": "\u0421\u041f\u0411", "mileage": 479700, "comment": "from bitrix"}}, {"model": "train.donemaidate", "pk": 227, "fields": {"created": "2023-02-04T10:22:13.701Z", "author": 1, "train": 6, "maintenance": 19, "maintenance_date": "2018-07-02", "place": "\u0421\u041f\u0411", "mileage": 506675, "comment": "from bitrix"}}, {"model": "train.donemaidate", "pk": 228, "fields": {"created": "2023-02-04T10:22:13.701Z", "author": 1, "train": 6, "maintenance": 20, "maintenance_date": "2018-08-25", "place": "\u0421\u041f\u0411", "mileage": 531044, "comment": "from bitrix"}}, {"model": "train.donemaidate", "pk": 229, "fields": {"created": "2023-02-04T10:22:13.701Z", "author": 1, "train": 6, "maintenance": 21, "maintenance_date": "2018-10-18", "place": "\u0421\u041f\u0411", "mileage": 556781, "comment": "from bitrix"}}, {"model": "train.donemaidate", "pk": 230, "fields": {"created": "2023-02-04T10:22:13.701Z", "author": 1, "train": 6, "maintenance": 22, "maintenance_date": "2018-12-14", "place": "\u0421\u041f\u0411", "mileage": 581330, "comment": "from bitrix"}}, {"model": "train.donemaidate", "pk": 231, "fields": {"created": "2023-02-04T10:22:13.701Z", "author": 1, "train": 6, "maintenance": 23, "maintenance_date": "2019-02-19", "place": "\u0415\u041a\u0411", "mileage": 608790, "comment": "from bitrix"}}, {"model": "train.donemaidate", "pk": 232, "fields": {"created": "2023-02-04T10:22:13.701Z", "author": 1, "train": 6, "maintenance": 24, "maintenance_date": "2019-04-14", "place": "\u041c\u0421\u041a", "mileage": 629741, "comment": "from bitrix"}}, {"model": "train.donemaidate", "pk": 233, "fields": {"created": "2023-02-04T10:22:13.701Z", "author": 1, "train": 6, "maintenance": 25, "maintenance_date": "2019-06-16", "place": "\u0415\u041a\u0411", "mileage": 653189, "comment": "from bitrix"}}, {"model": "train.donemaidate", "pk": 234, "fields": {"created": "2023-02-04T10:22:13.701Z", "author": 1, "train": 6, "maintenance": 26, "maintenance_date": "2019-08-16", "place": "\u0415\u041a\u0411", "mileage": 677604, "comment": "from bitrix"}}, {"model": "train.donemaidate", "pk": 235, "fields": {"created": "2023-02-04T10:22:13.701Z", "author": 1, "train": 6, "maintenance": 27, "maintenance_date": "2019-10-09", "place": "\u0415\u041a\u0411", "mileage": 702614, "comment": "from bitrix"}}, {"model": "train.donemaidate", "pk": 236, "fields": {"created": "2023-02-04T10:22:13.701Z", "author": 1, "train": 6, "maintenance": 28, "maintenance_date": "2019-11-27", "place": "\u0415\u041a\u0411", "mileage": 724247, "comment": "from bitrix"}}, {"model": "train.donemaidate", "pk": 237, "fields": {"created": "2023-02-04T10:22:13.701Z", "author": 1, "train": 6, "maintenance": 29, "maintenance_date": "2020-01-30", "place": "\u0415\u041a\u0411", "mileage": 753479, "comment": "from bitrix"}}, {"model": "train.donemaidate", "pk": 238, "fields": {"created": "2023-02-04T10:22:13.701Z", "author": 1, "train": 6, "maintenance": 30, "maintenance_date": "2020-03-18", "place": "\u0415\u041a\u0411", "mileage": 773431, "comment": "from bitrix"}}, {"model": "train.donemaidate", "pk": 239, "fields": {"created": "2023-02-04T10:22:13.701Z", "author": 1, "train": 6, "maintenance": 31, "maintenance_date": "2020-06-10", "place": "\u0415\u041a\u0411", "mileage": 802399, "comment": "from bitrix"}}, {"model": "train.donemaidate", "pk": 240, "fields": {"created": "2023-02-04T10:22:13.701Z", "author": 1, "train": 6, "maintenance": 32, "maintenance_date": "2020-07-25", "place": "\u041c\u0421\u041a", "mileage": 819251, "comment": "from bitrix"}}, {"model": "train.donemaidate", "pk": 241, "fields": {"created": "2023-02-04T10:22:13.701Z", "author": 1, "train": 6, "maintenance": 33, "maintenance_date": "2020-09-12", "place": "\u0415\u041a\u0411", "mileage": 841544, "comment": "from bitrix"}}, {"model": "train.donemaidate", "pk": 242, "fields": {"created": "2023-02-04T10:22:13.701Z", "author": 1, "train": 6, "maintenance": 34, "maintenance_date": "2020-12-17", "place": "\u0415\u041a\u0411", "mileage": 870155, "comment": "from bitrix"}}, {"model": "train.donemaidate", "pk": 243, "fields": {"created": "2023-02-04T10:22:13.701Z", "author": 1, "train": 6, "maintenance": 35, "maintenance_date": "2021-03-14", "place": "\u0415\u041a\u0411", "mileage": 900478, "comment": "from bitrix"}}, {"model": "train.donemaidate", "pk": 244, "fields": {"created": "2023-02-04T10:22:13.701Z", "author": 1, "train": 6, "maintenance": 36, "maintenance_date": "2021-05-20", "place": "\u0415\u041a\u0411", "mileage": 927758, "comment": "from bitrix"}}, {"model": "train.donemaidate", "pk": 245, "fields": {"created": "2023-02-04T10:22:13.701Z", "author": 1, "train": 6, "maintenance": 37, "maintenance_date": "2021-07-16", "place": "\u0415\u041a\u0411", "mileage": 958103, "comment": "from bitrix"}}, {"model": "train.donemaidate", "pk": 246, "fields": {"created": "2023-02-04T10:22:13.701Z", "author": 1, "train": 6, "maintenance": 38, "maintenance_date": "2021-11-18", "place": "\u0415\u041a\u0411", "mileage": 979475, "comment": "from bitrix"}}, {"model": "train.donemaidate", "pk": 247, "fields": {"created": "2023-02-04T10:22:13.701Z", "author": 1, "train": 6, "maintenance": 39, "maintenance_date": "2022-02-07", "place": "\u0415\u041a\u0411", "mileage": 1008115, "comment": "from bitrix"}}, {"model": "train.donemaidate", "pk": 248, "fields": {"created": "2023-02-04T10:22:13.701Z", "author": 1, "train": 6, "maintenance": 40, "maintenance_date": "2022-06-23", "place": "\u041c\u0421\u041a", "mileage": 1055987, "comment": "from bitrix"}}, {"model": "train.donemaidate", "pk": 249, "fields": {"created": "2023-02-04T10:22:13.701Z", "author": 1, "train": 6, "maintenance": 41, "maintenance_date": "2022-08-06", "place": "\u0415\u041a\u0411", "mileage": 1079587, "comment": "from bitrix"}}, {"model": "train.donemaidate", "pk": 250, "fields": {"created": "2023-02-04T10:22:13.701Z", "author": 1, "train": 6, "maintenance": 42, "maintenance_date": "2022-10-09", "place": "\u0415\u041a\u0411", "mileage": 1107180, "comment": "from bitrix"}}, {"model": "train.donemaidate", "pk": 251, "fields": {"created": "2023-02-04T10:22:13.701Z", "author": 1, "train": 6, "maintenance": 43, "maintenance_date": "2022-12-06", "place": "\u0415\u041a\u0411", "mileage": 1139059, "comment": "from bitrix"}}, {"model": "train.donemaidate", "pk": 252, "fields": {"created": "2023-02-04T10:22:13.701Z", "author": 1, "train": 7, "maintenance": 24, "maintenance_date": "2019-05-31", "place": "\u0421\u041f\u0411", "mileage": 629707, "comment": "from bitrix"}}, {"model": "train.donemaidate", "pk": 253, "fields": {"created": "2023-02-04T10:22:13.701Z", "author": 1, "train": 7, "maintenance": 32, "maintenance_date": "2020-11-04", "place": "\u0421\u041f\u0411", "mileage": 831338, "comment": "from bitrix"}}, {"model": "train.donemaidate", "pk": 254, "fields": {"created": "2023-02-04T10:22:13.701Z", "author": 1, "train": 7, "maintenance": 36, "maintenance_date": "2021-02-21", "place": "\u0421\u041f\u0411", "mileage": 944936, "comment": "from bitrix"}}, {"model": "train.donemaidate", "pk": 255, "fields": {"created": "2023-02-04T10:22:13.701Z", "author": 1, "train": 7, "maintenance": 38, "maintenance_date": "2021-10-09", "place": "\u0421\u041f\u0411", "mileage": 1001365, "comment": "from bitrix"}}, {"model": "train.donemaidate", "pk": 256, "fields": {"created": "2023-02-04T10:22:13.701Z", "author": 1, "train": 7, "maintenance": 39, "maintenance_date": "2021-11-28", "place": "\u0415\u041a\u0411", "mileage": 1028410, "comment": "from bitrix"}}, {"model": "train.donemaidate", "pk": 257, "fields": {"created": "2023-02-04T10:22:13.701Z", "author": 1, "train": 7, "maintenance": 40, "maintenance_date": "2022-01-26", "place": "\u041c\u0421\u041a", "mileage": 1055536, "comment": "from bitrix"}}, {"model": "train.donemaidate", "pk": 258, "fields": {"created": "2023-02-04T10:22:13.701Z", "author": 1, "train": 7, "maintenance": 41, "maintenance_date": "2022-04-11", "place": "\u0415\u041a\u0411", "mileage": 1085467, "comment": "from bitrix"}}, {"model": "train.donemaidate", "pk": 259, "fields": {"created": "2023-02-04T10:22:13.701Z", "author": 1, "train": 7, "maintenance": 42, "maintenance_date": "2022-06-20", "place": "\u0415\u041a\u0411", "mileage": 1116789, "comment": "from bitrix"}}, {"model": "train.donemaidate", "pk": 260, "fields": {"created": "2023-02-04T10:22:13.701Z", "author": 1, "train": 7, "maintenance": 43, "maintenance_date": "2022-08-21", "place": "\u0415\u041a\u0411", "mileage": 1146278, "comment": "from bitrix"}}, {"model": "train.donemaidate", "pk": 261, "fields": {"created": "2023-02-04T10:22:13.701Z", "author": 1, "train": 7, "maintenance": 44, "maintenance_date": "2022-11-28", "place": "\u0415\u041a\u0411", "mileage": 1180142, "comment": "from bitrix"}}, {"model": "train.donemaidate", "pk": 262, "fields": {"created": "2023-02-04T10:22:13.701Z", "author": 1, "train": 7, "maintenance": 45, "maintenance_date": "2023-02-02", "place": "\u0415\u041a\u0411", "mileage": 1209059, "comment": "from bitrix"}}, {"model": "train.donemaidate", "pk": 263, "fields": {"created": "2023-02-04T10:22:13.701Z", "author": 1, "train": 8, "maintenance": 8, "maintenance_date": "2017-02-04", "place": "\u041c\u0421\u041a", "mileage": 214563, "comment": "from bitrix"}}, {"model": "train.donemaidate", "pk": 264, "fields": {"created": "2023-02-04T10:22:13.701Z", "author": 1, "train": 8, "maintenance": 16, "maintenance_date": "2018-04-12", "place": "\u0421\u041f\u0411", "mileage": 428759, "comment": "from bitrix"}}, {"model": "train.donemaidate", "pk": 265, "fields": {"created": "2023-02-04T10:22:13.701Z", "author": 1, "train": 8, "maintenance": 24, "maintenance_date": "2019-06-21", "place": "\u0421\u041f\u0411", "mileage": 633130, "comment": "from bitrix"}}, {"model": "train.donemaidate", "pk": 266, "fields": {"created": "2023-02-04T10:22:13.701Z", "author": 1, "train": 8, "maintenance": 32, "maintenance_date": "2020-12-01", "place": "\u0421\u041f\u0411", "mileage": 840635, "comment": "from bitrix"}}, {"model": "train.donemaidate", "pk": 267, "fields": {"created": "2023-02-04T10:22:13.701Z", "author": 1, "train": 8, "maintenance": 33, "maintenance_date": "2021-01-24", "place": "\u0421\u041f\u0411", "mileage": 868886, "comment": "from bitrix"}}, {"model": "train.donemaidate", "pk": 268, "fields": {"created": "2023-02-04T10:22:13.701Z", "author": 1, "train": 8, "maintenance": 34, "maintenance_date": "2021-03-30", "place": "\u0421\u041f\u0411", "mileage": 895128, "comment": "from bitrix"}}, {"model": "train.donemaidate", "pk": 269, "fields": {"created": "2023-02-04T10:22:13.701Z", "author": 1, "train": 8, "maintenance": 35, "maintenance_date": "2021-05-22", "place": "\u0421\u041f\u0411", "mileage": 920857, "comment": "from bitrix"}}, {"model": "train.donemaidate", "pk": 270, "fields": {"created": "2023-02-04T10:22:13.701Z", "author": 1, "train": 8, "maintenance": 36, "maintenance_date": "2021-07-25", "place": "\u0421\u041f\u0411", "mileage": 952422, "comment": "from bitrix"}}, {"model": "train.donemaidate", "pk": 271, "fields": {"created": "2023-02-04T10:22:13.701Z", "author": 1, "train": 8, "maintenance": 37, "maintenance_date": "2021-09-19", "place": "\u0421\u041f\u0411", "mileage": 981908, "comment": "from bitrix"}}, {"model": "train.donemaidate", "pk": 272, "fields": {"created": "2023-02-04T10:22:13.701Z", "author": 1, "train": 8, "maintenance": 38, "maintenance_date": "2021-11-07", "place": "\u0421\u041f\u0411", "mileage": 1007898, "comment": "from bitrix"}}, {"model": "train.donemaidate", "pk": 273, "fields": {"created": "2023-02-04T10:22:13.701Z", "author": 1, "train": 8, "maintenance": 39, "maintenance_date": "2022-01-19", "place": "\u0415\u041a\u0411", "mileage": 1027932, "comment": "from bitrix"}}, {"model": "train.donemaidate", "pk": 274, "fields": {"created": "2023-02-04T10:22:13.701Z", "author": 1, "train": 8, "maintenance": 40, "maintenance_date": "2022-03-16", "place": "\u041c\u0421\u041a", "mileage": 1041004, "comment": "from bitrix"}}, {"model": "train.donemaidate", "pk": 275, "fields": {"created": "2023-02-04T10:22:13.701Z", "author": 1, "train": 8, "maintenance": 41, "maintenance_date": "2022-06-10", "place": "\u0415\u041a\u0411", "mileage": 1074519, "comment": "from bitrix"}}, {"model": "train.donemaidate", "pk": 276, "fields": {"created": "2023-02-04T10:22:13.701Z", "author": 1, "train": 8, "maintenance": 42, "maintenance_date": "2022-09-16", "place": "\u0415\u041a\u0411", "mileage": 1106456, "comment": "from bitrix"}}, {"model": "train.donemaidate", "pk": 277, "fields": {"created": "2023-02-04T10:22:13.701Z", "author": 1, "train": 8, "maintenance": 43, "maintenance_date": "2022-12-31", "place": "\u0415\u041a\u0411", "mileage": 1150087, "comment": "from bitrix"}}, {"model": "train.donemaidate", "pk": 278, "fields": {"created": "2023-02-04T10:22:13.701Z", "author": 1, "train": 9, "maintenance": 1, "maintenance_date": "2019-02-07", "place": "\u0415\u041a\u0411", "mileage": 25141, "comment": "from bitrix"}}, {"model": "train.donemaidate", "pk": 279, "fields": {"created": "2023-02-04T10:22:13.701Z", "author": 1, "train": 9, "maintenance": 2, "maintenance_date": "2019-05-28", "place": "\u0415\u041a\u0411", "mileage": 51862, "comment": "from bitrix"}}, {"model": "train.donemaidate", "pk": 280, "fields": {"created": "2023-02-04T10:22:13.701Z", "author": 1, "train": 9, "maintenance": 3, "maintenance_date": "2019-08-01", "place": "\u0415\u041a\u0411", "mileage": 77756, "comment": "from bitrix"}}, {"model": "train.donemaidate", "pk": 281, "fields": {"created": "2023-02-04T10:22:13.701Z", "author": 1, "train": 9, "maintenance": 4, "maintenance_date": "2019-10-21", "place": "\u0415\u041a\u0411", "mileage": 107300, "comment": "from bitrix"}}, {"model": "train.donemaidate", "pk": 282, "fields": {"created": "2023-02-04T10:22:13.701Z", "author": 1, "train": 9, "maintenance": 5, "maintenance_date": "2019-12-11", "place": "\u0415\u041a\u0411", "mileage": 130508, "comment": "from bitrix"}}, {"model": "train.donemaidate", "pk": 283, "fields": {"created": "2023-02-04T10:22:13.701Z", "author": 1, "train": 9, "maintenance": 6, "maintenance_date": "2020-02-03", "place": "\u0415\u041a\u0411", "mileage": 156096, "comment": "from bitrix"}}, {"model": "train.donemaidate", "pk": 284, "fields": {"created": "2023-02-04T10:22:13.701Z", "author": 1, "train": 9, "maintenance": 7, "maintenance_date": "2020-03-29", "place": "\u0415\u041a\u0411", "mileage": 183430, "comment": "from bitrix"}}, {"model": "train.donemaidate", "pk": 285, "fields": {"created": "2023-02-04T10:22:13.701Z", "author": 1, "train": 9, "maintenance": 8, "maintenance_date": "2020-06-20", "place": "\u041c\u0421\u041a", "mileage": 209999, "comment": "from bitrix"}}, {"model": "train.donemaidate", "pk": 286, "fields": {"created": "2023-02-04T10:22:13.701Z", "author": 1, "train": 9, "maintenance": 9, "maintenance_date": "2020-08-09", "place": "\u0415\u041a\u0411", "mileage": 236028, "comment": "from bitrix"}}, {"model": "train.donemaidate", "pk": 287, "fields": {"created": "2023-02-04T10:22:13.701Z", "author": 1, "train": 9, "maintenance": 10, "maintenance_date": "2020-10-07", "place": "\u0415\u041a\u0411", "mileage": 264061, "comment": "from bitrix"}}, {"model": "train.donemaidate", "pk": 288, "fields": {"created": "2023-02-04T10:22:13.701Z", "author": 1, "train": 9, "maintenance": 11, "maintenance_date": "2020-12-07", "place": "\u0415\u041a\u0411", "mileage": 288501, "comment": "from bitrix"}}, {"model": "train.donemaidate", "pk": 289, "fields": {"created": "2023-02-04T10:22:13.701Z", "author": 1, "train": 9, "maintenance": 12, "maintenance_date": "2021-02-09", "place": "\u0415\u041a\u0411", "mileage": 318888, "comment": "from bitrix"}}, {"model": "train.donemaidate", "pk": 290, "fields": {"created": "2023-02-04T10:22:13.701Z", "author": 1, "train": 9, "maintenance": 13, "maintenance_date": "2021-05-03", "place": "\u0415\u041a\u0411", "mileage": 348090, "comment": "from bitrix"}}, {"model": "train.donemaidate", "pk": 291, "fields": {"created": "2023-02-04T10:22:13.701Z", "author": 1, "train": 9, "maintenance": 14, "maintenance_date": "2021-07-07", "place": "\u0415\u041a\u0411", "mileage": 378938, "comment": "from bitrix"}}, {"model": "train.donemaidate", "pk": 292, "fields": {"created": "2023-02-04T10:22:13.701Z", "author": 1, "train": 9, "maintenance": 15, "maintenance_date": "2021-09-04", "place": "\u0415\u041a\u0411", "mileage": 408865, "comment": "from bitrix"}}, {"model": "train.donemaidate", "pk": 293, "fields": {"created": "2023-02-04T10:22:13.701Z", "author": 1, "train": 9, "maintenance": 16, "maintenance_date": "2021-11-12", "place": "\u041c\u0421\u041a", "mileage": 438149, "comment": "from bitrix"}}, {"model": "train.donemaidate", "pk": 294, "fields": {"created": "2023-02-04T10:22:13.701Z", "author": 1, "train": 9, "maintenance": 17, "maintenance_date": "2022-01-02", "place": "\u0415\u041a\u0411", "mileage": 463385, "comment": "from bitrix"}}, {"model": "train.donemaidate", "pk": 295, "fields": {"created": "2023-02-04T10:22:13.701Z", "author": 1, "train": 9, "maintenance": 18, "maintenance_date": "2022-03-18", "place": "\u0415\u041a\u0411", "mileage": 494666, "comment": "from bitrix"}}, {"model": "train.donemaidate", "pk": 296, "fields": {"created": "2023-02-04T10:22:13.701Z", "author": 1, "train": 9, "maintenance": 19, "maintenance_date": "2022-05-27", "place": "\u0415\u041a\u0411", "mileage": 526068, "comment": "from bitrix"}}, {"model": "train.donemaidate", "pk": 297, "fields": {"created": "2023-02-04T10:22:13.701Z", "author": 1, "train": 9, "maintenance": 20, "maintenance_date": "2022-09-02", "place": "\u0415\u041a\u0411", "mileage": 558817, "comment": "from bitrix"}}, {"model": "train.donemaidate", "pk": 298, "fields": {"created": "2023-02-04T10:22:13.701Z", "author": 1, "train": 9, "maintenance": 21, "maintenance_date": "2022-11-23", "place": "\u0415\u041a\u0411", "mileage": 590670, "comment": "from bitrix"}}, {"model": "train.donemaidate", "pk": 299, "fields": {"created": "2023-02-04T10:22:13.701Z", "author": 1, "train": 10, "maintenance": 1, "maintenance_date": "2019-03-20", "place": "\u0415\u041a\u0411", "mileage": 24941, "comment": "from bitrix"}}, {"model": "train.donemaidate", "pk": 300, "fields": {"created": "2023-02-04T10:22:13.701Z", "author": 1, "train": 10, "maintenance": 2, "maintenance_date": "2019-07-03", "place": "\u0415\u041a\u0411", "mileage": 52351, "comment": "from bitrix"}}, {"model": "train.donemaidate", "pk": 301, "fields": {"created": "2023-02-04T10:22:13.701Z", "author": 1, "train": 10, "maintenance": 3, "maintenance_date": "2019-08-28", "place": "\u0415\u041a\u0411", "mileage": 74582, "comment": "from bitrix"}}, {"model": "train.donemaidate", "pk": 302, "fields": {"created": "2023-02-04T10:22:13.701Z", "author": 1, "train": 10, "maintenance": 4, "maintenance_date": "2019-10-30", "place": "\u0415\u041a\u0411", "mileage": 100447, "comment": "from bitrix"}}, {"model": "train.donemaidate", "pk": 303, "fields": {"created": "2023-02-04T10:22:13.701Z", "author": 1, "train": 10, "maintenance": 5, "maintenance_date": "2019-12-18", "place": "\u0415\u041a\u0411", "mileage": 123027, "comment": "from bitrix"}}, {"model": "train.donemaidate", "pk": 304, "fields": {"created": "2023-02-04T10:22:13.701Z", "author": 1, "train": 10, "maintenance": 6, "maintenance_date": "2020-02-16", "place": "\u0415\u041a\u0411", "mileage": 150007, "comment": "from bitrix"}}, {"model": "train.donemaidate", "pk": 305, "fields": {"created": "2023-02-04T10:22:13.701Z", "author": 1, "train": 10, "maintenance": 7, "maintenance_date": "2020-04-07", "place": "\u0415\u041a\u0411", "mileage": 172894, "comment": "from bitrix"}}, {"model": "train.donemaidate", "pk": 306, "fields": {"created": "2023-02-04T10:22:13.701Z", "author": 1, "train": 10, "maintenance": 8, "maintenance_date": "2020-07-08", "place": "\u041c\u0421\u041a", "mileage": 203154, "comment": "from bitrix"}}, {"model": "train.donemaidate", "pk": 307, "fields": {"created": "2023-02-04T10:22:13.701Z", "author": 1, "train": 10, "maintenance": 9, "maintenance_date": "2020-08-21", "place": "\u0415\u041a\u0411", "mileage": 224983, "comment": "from bitrix"}}, {"model": "train.donemaidate", "pk": 308, "fields": {"created": "2023-02-04T10:22:13.701Z", "author": 1, "train": 10, "maintenance": 10, "maintenance_date": "2020-10-16", "place": "\u0415\u041a\u0411", "mileage": 243899, "comment": "from bitrix"}}, {"model": "train.donemaidate", "pk": 309, "fields": {"created": "2023-02-04T10:22:13.701Z", "author": 1, "train": 10, "maintenance": 11, "maintenance_date": "2020-12-20", "place": "\u0415\u041a\u0411", "mileage": 271339, "comment": "from bitrix"}}, {"model": "train.donemaidate", "pk": 310, "fields": {"created": "2023-02-04T10:22:13.701Z", "author": 1, "train": 10, "maintenance": 12, "maintenance_date": "2021-02-22", "place": "\u0415\u041a\u0411", "mileage": 300397, "comment": "from bitrix"}}, {"model": "train.donemaidate", "pk": 311, "fields": {"created": "2023-02-04T10:22:13.701Z", "author": 1, "train": 10, "maintenance": 13, "maintenance_date": "2021-04-25", "place": "\u0415\u041a\u0411", "mileage": 320859, "comment": "from bitrix"}}, {"model": "train.donemaidate", "pk": 312, "fields": {"created": "2023-02-04T10:22:13.701Z", "author": 1, "train": 10, "maintenance": 14, "maintenance_date": "2021-07-15", "place": "\u0415\u041a\u0411", "mileage": 353296, "comment": "from bitrix"}}, {"model": "train.donemaidate", "pk": 313, "fields": {"created": "2023-02-04T10:22:13.701Z", "author": 1, "train": 10, "maintenance": 15, "maintenance_date": "2021-09-21", "place": "\u0415\u041a\u0411", "mileage": 381519, "comment": "from bitrix"}}, {"model": "train.donemaidate", "pk": 314, "fields": {"created": "2023-02-04T10:22:13.701Z", "author": 1, "train": 10, "maintenance": 16, "maintenance_date": "2021-12-03", "place": "\u041c\u0421\u041a", "mileage": 408587, "comment": "from bitrix"}}, {"model": "train.donemaidate", "pk": 315, "fields": {"created": "2023-02-04T10:22:13.701Z", "author": 1, "train": 10, "maintenance": 17, "maintenance_date": "2022-01-29", "place": "\u0415\u041a\u0411", "mileage": 430864, "comment": "from bitrix"}}, {"model": "train.donemaidate", "pk": 316, "fields": {"created": "2023-02-04T10:22:13.701Z", "author": 1, "train": 10, "maintenance": 18, "maintenance_date": "2022-04-26", "place": "\u0415\u041a\u0411", "mileage": 461039, "comment": "from bitrix"}}, {"model": "train.donemaidate", "pk": 317, "fields": {"created": "2023-02-04T10:22:13.701Z", "author": 1, "train": 10, "maintenance": 19, "maintenance_date": "2022-08-30", "place": "\u041c\u0421\u041a", "mileage": 478962, "comment": "from bitrix"}}, {"model": "train.donemaidate", "pk": 318, "fields": {"created": "2023-02-04T10:22:13.701Z", "author": 1, "train": 10, "maintenance": 20, "maintenance_date": "2022-12-25", "place": "\u0415\u041a\u0411", "mileage": 523305, "comment": "from bitrix"}}, {"model": "train.donemaidate", "pk": 319, "fields": {"created": "2023-02-04T10:22:13.701Z", "author": 1, "train": 11, "maintenance": 15, "maintenance_date": "2021-06-29", "place": "\u0415\u041a\u0411", "mileage": 398568, "comment": "from bitrix"}}, {"model": "train.donemaidate", "pk": 320, "fields": {"created": "2023-02-04T10:22:13.701Z", "author": 1, "train": 11, "maintenance": 16, "maintenance_date": "2021-09-13", "place": "\u041c\u0421\u041a", "mileage": 432377, "comment": "from bitrix"}}, {"model": "train.donemaidate", "pk": 321, "fields": {"created": "2023-02-04T10:22:13.701Z", "author": 1, "train": 11, "maintenance": 17, "maintenance_date": "2021-12-06", "place": "\u0415\u041a\u0411", "mileage": 460023, "comment": "from bitrix"}}, {"model": "train.donemaidate", "pk": 322, "fields": {"created": "2023-02-04T10:22:13.701Z", "author": 1, "train": 11, "maintenance": 18, "maintenance_date": "2022-02-21", "place": "\u0415\u041a\u0411", "mileage": 487953, "comment": "from bitrix"}}, {"model": "train.donemaidate", "pk": 323, "fields": {"created": "2023-02-04T10:22:13.701Z", "author": 1, "train": 11, "maintenance": 19, "maintenance_date": "2022-04-28", "place": "\u0415\u041a\u0411", "mileage": 491928, "comment": "from bitrix"}}, {"model": "train.donemaidate", "pk": 324, "fields": {"created": "2023-02-04T10:22:13.701Z", "author": 1, "train": 11, "maintenance": 20, "maintenance_date": "2022-07-02", "place": "\u0415\u041a\u0411", "mileage": 523152, "comment": "from bitrix"}}, {"model": "train.donemaidate", "pk": 325, "fields": {"created": "2023-02-04T10:22:13.701Z", "author": 1, "train": 11, "maintenance": 21, "maintenance_date": "2022-09-09", "place": "\u0415\u041a\u0411", "mileage": 548573, "comment": "from bitrix"}}, {"model": "train.donemaidate", "pk": 326, "fields": {"created": "2023-02-04T10:22:13.701Z", "author": 1, "train": 11, "maintenance": 22, "maintenance_date": "2022-12-02", "place": "\u0415\u041a\u0411", "mileage": 581454, "comment": "from bitrix"}}, {"model": "train.donemaidate", "pk": 327, "fields": {"created": "2023-02-04T10:22:13.701Z", "author": 1, "train": 12, "maintenance": 1, "maintenance_date": "2020-04-26", "place": "\u0415\u041a\u0411", "mileage": 29114, "comment": "from bitrix"}}, {"model": "train.donemaidate", "pk": 328, "fields": {"created": "2023-02-04T10:22:13.701Z", "author": 1, "train": 12, "maintenance": 2, "maintenance_date": "2020-07-29", "place": "\u0415\u041a\u0411", "mileage": 50285, "comment": "from bitrix"}}, {"model": "train.donemaidate", "pk": 329, "fields": {"created": "2023-02-04T10:22:13.701Z", "author": 1, "train": 12, "maintenance": 3, "maintenance_date": "2020-09-18", "place": "\u0415\u041a\u0411", "mileage": 79858, "comment": "from bitrix"}}, {"model": "train.donemaidate", "pk": 330, "fields": {"created": "2023-02-04T10:22:13.701Z", "author": 1, "train": 12, "maintenance": 4, "maintenance_date": "2020-10-21", "place": "\u0415\u041a\u0411", "mileage": 100281, "comment": "from bitrix"}}, {"model": "train.donemaidate", "pk": 331, "fields": {"created": "2023-02-04T10:22:13.701Z", "author": 1, "train": 12, "maintenance": 5, "maintenance_date": "2020-12-12", "place": "\u0415\u041a\u0411", "mileage": 130860, "comment": "from bitrix"}}, {"model": "train.donemaidate", "pk": 332, "fields": {"created": "2023-02-04T10:22:13.701Z", "author": 1, "train": 12, "maintenance": 6, "maintenance_date": "2021-01-19", "place": "\u0415\u041a\u0411", "mileage": 153028, "comment": "from bitrix"}}, {"model": "train.donemaidate", "pk": 333, "fields": {"created": "2023-02-04T10:22:13.701Z", "author": 1, "train": 12, "maintenance": 7, "maintenance_date": "2021-03-07", "place": "\u0415\u041a\u0411", "mileage": 184417, "comment": "from bitrix"}}, {"model": "train.donemaidate", "pk": 334, "fields": {"created": "2023-02-04T10:22:13.701Z", "author": 1, "train": 12, "maintenance": 8, "maintenance_date": "2021-05-18", "place": "\u041c\u0421\u041a", "mileage": 213786, "comment": "from bitrix"}}, {"model": "train.donemaidate", "pk": 335, "fields": {"created": "2023-02-04T10:22:13.701Z", "author": 1, "train": 12, "maintenance": 9, "maintenance_date": "2021-07-10", "place": "\u0415\u041a\u0411", "mileage": 243306, "comment": "from bitrix"}}, {"model": "train.donemaidate", "pk": 336, "fields": {"created": "2023-02-04T10:22:13.701Z", "author": 1, "train": 12, "maintenance": 10, "maintenance_date": "2021-08-25", "place": "\u0415\u041a\u0411", "mileage": 271005, "comment": "from bitrix"}}, {"model": "train.donemaidate", "pk": 337, "fields": {"created": "2023-02-04T10:22:13.701Z", "author": 1, "train": 12, "maintenance": 11, "maintenance_date": "2021-10-14", "place": "\u0415\u041a\u0411", "mileage": 303687, "comment": "from bitrix"}}, {"model": "train.donemaidate", "pk": 338, "fields": {"created": "2023-02-04T10:22:13.701Z", "author": 1, "train": 12, "maintenance": 12, "maintenance_date": "2021-11-26", "place": "\u0415\u041a\u0411", "mileage": 328434, "comment": "from bitrix"}}, {"model": "train.donemaidate", "pk": 339, "fields": {"created": "2023-02-04T10:22:13.701Z", "author": 1, "train": 12, "maintenance": 13, "maintenance_date": "2022-01-16", "place": "\u0415\u041a\u0411", "mileage": 358324, "comment": "from bitrix"}}, {"model": "train.donemaidate", "pk": 340, "fields": {"created": "2023-02-04T10:22:13.701Z", "author": 1, "train": 12, "maintenance": 14, "maintenance_date": "2022-03-06", "place": "\u0415\u041a\u0411", "mileage": 384949, "comment": "from bitrix"}}, {"model": "train.donemaidate", "pk": 341, "fields": {"created": "2023-02-04T10:22:13.701Z", "author": 1, "train": 12, "maintenance": 15, "maintenance_date": "2022-04-21", "place": "\u0415\u041a\u0411", "mileage": 414113, "comment": "from bitrix"}}, {"model": "train.donemaidate", "pk": 342, "fields": {"created": "2023-02-04T10:22:13.701Z", "author": 1, "train": 12, "maintenance": 16, "maintenance_date": "2022-06-27", "place": "\u041c\u0421\u041a", "mileage": 448445, "comment": "from bitrix"}}, {"model": "train.donemaidate", "pk": 343, "fields": {"created": "2023-02-04T10:22:13.701Z", "author": 1, "train": 12, "maintenance": 17, "maintenance_date": "2022-08-16", "place": "\u0415\u041a\u0411", "mileage": 474200, "comment": "from bitrix"}}, {"model": "train.donemaidate", "pk": 344, "fields": {"created": "2023-02-04T10:22:13.701Z", "author": 1, "train": 12, "maintenance": 18, "maintenance_date": "2022-10-02", "place": "\u0415\u041a\u0411", "mileage": 504087, "comment": "from bitrix"}}, {"model": "train.donemaidate", "pk": 345, "fields": {"created": "2023-02-04T10:22:13.701Z", "author": 1, "train": 12, "maintenance": 19, "maintenance_date": "2022-11-17", "place": "\u0415\u041a\u0411", "mileage": 534693, "comment": "from bitrix"}}, {"model": "train.donemaidate", "pk": 346, "fields": {"created": "2023-02-04T10:22:13.701Z", "author": 1, "train": 12, "maintenance": 20, "maintenance_date": "2023-01-29", "place": "\u0415\u041a\u0411", "mileage": 567923, "comment": "from bitrix"}}, {"model": "train.donemaidate", "pk": 347, "fields": {"created": "2023-02-04T10:22:13.701Z", "author": 1, "train": 13, "maintenance": 1, "maintenance_date": "2020-12-29", "place": "\u041c\u0421\u041a", "mileage": 26251, "comment": "from bitrix"}}, {"model": "train.donemaidate", "pk": 348, "fields": {"created": "2023-02-04T10:22:13.701Z", "author": 1, "train": 13, "maintenance": 2, "maintenance_date": "2021-02-13", "place": "\u041c\u0421\u041a", "mileage": 52582, "comment": "from bitrix"}}, {"model": "train.donemaidate", "pk": 349, "fields": {"created": "2023-02-04T10:22:13.701Z", "author": 1, "train": 13, "maintenance": 3, "maintenance_date": "2021-04-03", "place": "\u041c\u0421\u041a", "mileage": 80167, "comment": "from bitrix"}}, {"model": "train.donemaidate", "pk": 350, "fields": {"created": "2023-02-04T10:22:13.701Z", "author": 1, "train": 13, "maintenance": 4, "maintenance_date": "2021-05-15", "place": "\u041c\u0421\u041a", "mileage": 103147, "comment": "from bitrix"}}, {"model": "train.donemaidate", "pk": 351, "fields": {"created": "2023-02-04T10:22:13.701Z", "author": 1, "train": 13, "maintenance": 5, "maintenance_date": "2021-07-07", "place": "\u041c\u0421\u041a", "mileage": 129500, "comment": "from bitrix"}}, {"model": "train.donemaidate", "pk": 352, "fields": {"created": "2023-02-04T10:22:13.701Z", "author": 1, "train": 13, "maintenance": 6, "maintenance_date": "2021-08-21", "place": "\u041c\u0421\u041a", "mileage": 154848, "comment": "from bitrix"}}, {"model": "train.donemaidate", "pk": 353, "fields": {"created": "2023-02-04T10:22:13.701Z", "author": 1, "train": 13, "maintenance": 7, "maintenance_date": "2021-10-08", "place": "\u041c\u0421\u041a", "mileage": 179416, "comment": "from bitrix"}}, {"model": "train.donemaidate", "pk": 354, "fields": {"created": "2023-02-04T10:22:13.701Z", "author": 1, "train": 13, "maintenance": 8, "maintenance_date": "2022-02-16", "place": "\u041c\u0421\u041a", "mileage": 227820, "comment": "from bitrix"}}, {"model": "train.donemaidate", "pk": 355, "fields": {"created": "2023-02-04T10:22:13.701Z", "author": 1, "train": 13, "maintenance": 9, "maintenance_date": "2022-05-12", "place": "\u0415\u041a\u0411", "mileage": 257122, "comment": "from bitrix"}}, {"model": "train.donemaidate", "pk": 356, "fields": {"created": "2023-02-04T10:22:13.701Z", "author": 1, "train": 13, "maintenance": 10, "maintenance_date": "2022-07-21", "place": "\u0415\u041a\u0411", "mileage": 286857, "comment": "from bitrix"}}, {"model": "train.donemaidate", "pk": 357, "fields": {"created": "2023-02-04T10:22:13.701Z", "author": 1, "train": 13, "maintenance": 11, "maintenance_date": "2022-10-05", "place": "\u0415\u041a\u0411", "mileage": 317413, "comment": "from bitrix"}}, {"model": "train.donemaidate", "pk": 358, "fields": {"created": "2023-02-04T10:22:13.701Z", "author": 1, "train": 13, "maintenance": 12, "maintenance_date": "2023-01-07", "place": "\u0415\u041a\u0411", "mileage": 351881, "comment": "from bitrix"}}, {"model": "train.donemaidate", "pk": 359, "fields": {"created": "2023-02-04T10:22:13.701Z", "author": 1, "train": 14, "maintenance": 1, "maintenance_date": "2020-12-30", "place": "\u0415\u041a\u0411", "mileage": 23469, "comment": "from bitrix"}}, {"model": "train.donemaidate", "pk": 360, "fields": {"created": "2023-02-04T10:22:13.701Z", "author": 1, "train": 14, "maintenance": 2, "maintenance_date": "2021-02-18", "place": "\u0415\u041a\u0411", "mileage": 50965, "comment": "from bitrix"}}, {"model": "train.donemaidate", "pk": 361, "fields": {"created": "2023-02-04T10:22:13.701Z", "author": 1, "train": 14, "maintenance": 3, "maintenance_date": "2021-04-09", "place": "\u0415\u041a\u0411", "mileage": 79084, "comment": "from bitrix"}}, {"model": "train.donemaidate", "pk": 362, "fields": {"created": "2023-02-04T10:22:13.701Z", "author": 1, "train": 14, "maintenance": 4, "maintenance_date": "2021-06-02", "place": "\u0415\u041a\u0411", "mileage": 109105, "comment": "from bitrix"}}, {"model": "train.donemaidate", "pk": 363, "fields": {"created": "2023-02-04T10:22:13.701Z", "author": 1, "train": 14, "maintenance": 5, "maintenance_date": "2021-07-21", "place": "\u0415\u041a\u0411", "mileage": 139753, "comment": "from bitrix"}}, {"model": "train.donemaidate", "pk": 364, "fields": {"created": "2023-02-04T10:22:13.701Z", "author": 1, "train": 14, "maintenance": 6, "maintenance_date": "2021-09-01", "place": "\u0415\u041a\u0411", "mileage": 165822, "comment": "from bitrix"}}, {"model": "train.donemaidate", "pk": 365, "fields": {"created": "2023-02-04T10:22:13.701Z", "author": 1, "train": 14, "maintenance": 7, "maintenance_date": "2021-10-28", "place": "\u0415\u041a\u0411", "mileage": 195825, "comment": "from bitrix"}}, {"model": "train.donemaidate", "pk": 366, "fields": {"created": "2023-02-04T10:22:13.701Z", "author": 1, "train": 14, "maintenance": 8, "maintenance_date": "2021-12-17", "place": "\u041c\u0421\u041a", "mileage": 222569, "comment": "from bitrix"}}, {"model": "train.donemaidate", "pk": 367, "fields": {"created": "2023-02-04T10:22:13.701Z", "author": 1, "train": 14, "maintenance": 9, "maintenance_date": "2022-01-22", "place": "\u0415\u041a\u0411", "mileage": 243150, "comment": "from bitrix"}}, {"model": "train.donemaidate", "pk": 368, "fields": {"created": "2023-02-04T10:22:13.701Z", "author": 1, "train": 14, "maintenance": 10, "maintenance_date": "2022-03-14", "place": "\u0415\u041a\u0411", "mileage": 273774, "comment": "from bitrix"}}, {"model": "train.donemaidate", "pk": 369, "fields": {"created": "2023-02-04T10:22:13.701Z", "author": 1, "train": 14, "maintenance": 11, "maintenance_date": "2022-05-11", "place": "\u0415\u041a\u0411", "mileage": 304074, "comment": "from bitrix"}}, {"model": "train.donemaidate", "pk": 370, "fields": {"created": "2023-02-04T10:22:13.701Z", "author": 1, "train": 14, "maintenance": 12, "maintenance_date": "2022-07-01", "place": "\u0415\u041a\u0411", "mileage": 332759, "comment": "from bitrix"}}, {"model": "train.donemaidate", "pk": 371, "fields": {"created": "2023-02-04T10:22:13.701Z", "author": 1, "train": 14, "maintenance": 13, "maintenance_date": "2022-08-24", "place": "\u0415\u041a\u0411", "mileage": 360008, "comment": "from bitrix"}}, {"model": "train.donemaidate", "pk": 372, "fields": {"created": "2023-02-04T10:22:13.701Z", "author": 1, "train": 14, "maintenance": 14, "maintenance_date": "2022-10-26", "place": "\u0415\u041a\u0411", "mileage": 389759, "comment": "from bitrix"}}, {"model": "train.donemaidate", "pk": 373, "fields": {"created": "2023-02-04T10:22:13.701Z", "author": 1, "train": 14, "maintenance": 15, "maintenance_date": "2023-01-03", "place": "\u0415\u041a\u0411", "mileage": 427027, "comment": "from bitrix"}}, {"model": "train.donemaidate", "pk": 374, "fields": {"created": "2023-02-04T10:22:13.701Z", "author": 1, "train": 15, "maintenance": 1, "maintenance_date": "2021-01-08", "place": "\u0415\u041a\u0411", "mileage": 27172, "comment": "from bitrix"}}, {"model": "train.donemaidate", "pk": 375, "fields": {"created": "2023-02-04T10:22:13.701Z", "author": 1, "train": 15, "maintenance": 2, "maintenance_date": "2021-02-27", "place": "\u0415\u041a\u0411", "mileage": 58962, "comment": "from bitrix"}}, {"model": "train.donemaidate", "pk": 376, "fields": {"created": "2023-02-04T10:22:13.701Z", "author": 1, "train": 15, "maintenance": 3, "maintenance_date": "2021-04-15", "place": "\u0415\u041a\u0411", "mileage": 86973, "comment": "from bitrix"}}, {"model": "train.donemaidate", "pk": 377, "fields": {"created": "2023-02-04T10:22:13.701Z", "author": 1, "train": 15, "maintenance": 4, "maintenance_date": "2021-05-28", "place": "\u0415\u041a\u0411", "mileage": 117818, "comment": "from bitrix"}}, {"model": "train.donemaidate", "pk": 378, "fields": {"created": "2023-02-04T10:22:13.701Z", "author": 1, "train": 15, "maintenance": 5, "maintenance_date": "2021-07-23", "place": "\u0415\u041a\u0411", "mileage": 146388, "comment": "from bitrix"}}, {"model": "train.donemaidate", "pk": 379, "fields": {"created": "2023-02-04T10:22:13.701Z", "author": 1, "train": 15, "maintenance": 6, "maintenance_date": "2021-09-13", "place": "\u0415\u041a\u0411", "mileage": 179636, "comment": "from bitrix"}}, {"model": "train.donemaidate", "pk": 380, "fields": {"created": "2023-02-04T10:22:13.701Z", "author": 1, "train": 15, "maintenance": 7, "maintenance_date": "2021-11-07", "place": "\u0415\u041a\u0411", "mileage": 209660, "comment": "from bitrix"}}, {"model": "train.donemaidate", "pk": 381, "fields": {"created": "2023-02-04T10:22:13.701Z", "author": 1, "train": 15, "maintenance": 8, "maintenance_date": "2022-01-06", "place": "\u041c\u0421\u041a", "mileage": 236234, "comment": "from bitrix"}}, {"model": "train.donemaidate", "pk": 382, "fields": {"created": "2023-02-04T10:22:13.701Z", "author": 1, "train": 15, "maintenance": 9, "maintenance_date": "2022-02-23", "place": "\u0415\u041a\u0411", "mileage": 265321, "comment": "from bitrix"}}, {"model": "train.donemaidate", "pk": 383, "fields": {"created": "2023-02-04T10:22:13.701Z", "author": 1, "train": 15, "maintenance": 10, "maintenance_date": "2022-04-15", "place": "\u0415\u041a\u0411", "mileage": 295778, "comment": "from bitrix"}}, {"model": "train.donemaidate", "pk": 384, "fields": {"created": "2023-02-04T10:22:13.701Z", "author": 1, "train": 15, "maintenance": 11, "maintenance_date": "2022-06-13", "place": "\u0415\u041a\u0411", "mileage": 326548, "comment": "from bitrix"}}, {"model": "train.donemaidate", "pk": 385, "fields": {"created": "2023-02-04T10:22:13.701Z", "author": 1, "train": 15, "maintenance": 12, "maintenance_date": "2022-08-03", "place": "\u0415\u041a\u0411", "mileage": 355842, "comment": "from bitrix"}}, {"model": "train.donemaidate", "pk": 386, "fields": {"created": "2023-02-04T10:22:13.701Z", "author": 1, "train": 15, "maintenance": 13, "maintenance_date": "2022-09-19", "place": "\u0415\u041a\u0411", "mileage": 382033, "comment": "from bitrix"}}, {"model": "train.donemaidate", "pk": 387, "fields": {"created": "2023-02-04T10:22:13.701Z", "author": 1, "train": 15, "maintenance": 14, "maintenance_date": "2022-11-21", "place": "\u0415\u041a\u0411", "mileage": 416136, "comment": "from bitrix"}}, {"model": "train.donemaidate", "pk": 388, "fields": {"created": "2023-02-04T10:22:13.701Z", "author": 1, "train": 15, "maintenance": 15, "maintenance_date": "2023-01-20", "place": "\u0415\u041a\u0411", "mileage": 451152, "comment": "from bitrix"}}, {"model": "train.donemaidate", "pk": 389, "fields": {"created": "2023-02-04T10:22:13.701Z", "author": 1, "train": 16, "maintenance": 1, "maintenance_date": "2021-02-15", "place": "\u0415\u041a\u0411", "mileage": 24257, "comment": "from bitrix"}}, {"model": "train.donemaidate", "pk": 390, "fields": {"created": "2023-02-04T10:22:13.701Z", "author": 1, "train": 16, "maintenance": 2, "maintenance_date": "2021-04-07", "place": "\u0415\u041a\u0411", "mileage": 53988, "comment": "from bitrix"}}, {"model": "train.donemaidate", "pk": 391, "fields": {"created": "2023-02-04T10:22:13.701Z", "author": 1, "train": 16, "maintenance": 3, "maintenance_date": "2021-06-05", "place": "\u0415\u041a\u0411", "mileage": 85184, "comment": "from bitrix"}}, {"model": "train.donemaidate", "pk": 392, "fields": {"created": "2023-02-04T10:22:13.701Z", "author": 1, "train": 16, "maintenance": 4, "maintenance_date": "2021-08-13", "place": "\u0415\u041a\u0411", "mileage": 111966, "comment": "from bitrix"}}, {"model": "train.donemaidate", "pk": 393, "fields": {"created": "2023-02-04T10:22:13.701Z", "author": 1, "train": 16, "maintenance": 5, "maintenance_date": "2021-10-21", "place": "\u0415\u041a\u0411", "mileage": 139353, "comment": "from bitrix"}}, {"model": "train.donemaidate", "pk": 394, "fields": {"created": "2023-02-04T10:22:13.701Z", "author": 1, "train": 16, "maintenance": 6, "maintenance_date": "2021-12-04", "place": "\u0415\u041a\u0411", "mileage": 166456, "comment": "from bitrix"}}, {"model": "train.donemaidate", "pk": 395, "fields": {"created": "2023-02-04T10:22:13.701Z", "author": 1, "train": 16, "maintenance": 7, "maintenance_date": "2022-02-01", "place": "\u0415\u041a\u0411", "mileage": 190370, "comment": "from bitrix"}}, {"model": "train.donemaidate", "pk": 396, "fields": {"created": "2023-02-04T10:22:13.701Z", "author": 1, "train": 16, "maintenance": 8, "maintenance_date": "2022-04-17", "place": "\u041c\u0421\u041a", "mileage": 217306, "comment": "from bitrix"}}, {"model": "train.donemaidate", "pk": 397, "fields": {"created": "2023-02-04T10:22:13.701Z", "author": 1, "train": 16, "maintenance": 9, "maintenance_date": "2022-06-04", "place": "\u0415\u041a\u0411", "mileage": 241200, "comment": "from bitrix"}}, {"model": "train.donemaidate", "pk": 398, "fields": {"created": "2023-02-04T10:22:13.701Z", "author": 1, "train": 16, "maintenance": 10, "maintenance_date": "2022-07-24", "place": "\u0415\u041a\u0411", "mileage": 271188, "comment": "from bitrix"}}, {"model": "train.donemaidate", "pk": 399, "fields": {"created": "2023-02-04T10:22:13.701Z", "author": 1, "train": 16, "maintenance": 11, "maintenance_date": "2022-09-06", "place": "\u0415\u041a\u0411", "mileage": 294905, "comment": "from bitrix"}}, {"model": "train.donemaidate", "pk": 400, "fields": {"created": "2023-02-04T10:22:13.701Z", "author": 1, "train": 16, "maintenance": 12, "maintenance_date": "2022-11-08", "place": "\u0415\u041a\u0411", "mileage": 324409, "comment": "from bitrix"}}, {"model": "train.donemaidate", "pk": 401, "fields": {"created": "2023-02-04T10:22:13.701Z", "author": 1, "train": 16, "maintenance": 13, "maintenance_date": "2023-01-19", "place": "\u0415\u041a\u0411", "mileage": 361482, "comment": "from bitrix"}}, {"model": "train.donemaidate", "pk": 402, "fields": {"created": "2023-02-04T10:22:13.701Z", "author": 1, "train": 17, "maintenance": 1, "maintenance_date": "2022-05-21", "place": "\u0415\u041a\u0411", "mileage": 31585, "comment": "from bitrix"}}, {"model": "train.donemaidate", "pk": 403, "fields": {"created": "2023-02-04T10:22:13.701Z", "author": 1, "train": 17, "maintenance": 2, "maintenance_date": "2022-07-30", "place": "\u0415\u041a\u0411", "mileage": 63737, "comment": "from bitrix"}}, {"model": "train.donemaidate", "pk": 404, "fields": {"created": "2023-02-04T10:22:13.701Z", "author": 1, "train": 17, "maintenance": 3, "maintenance_date": "2022-09-24", "place": "\u0415\u041a\u0411", "mileage": 89966, "comment": "from bitrix"}}, {"model": "train.donemaidate", "pk": 405, "fields": {"created": "2023-02-04T10:22:13.701Z", "author": 1, "train": 17, "maintenance": 4, "maintenance_date": "2022-12-09", "place": "\u0415\u041a\u0411", "mileage": 124816, "comment": "from bitrix"}}, {"model": "train.donemaidate", "pk": 406, "fields": {"created": "2023-02-04T10:22:13.701Z", "author": 1, "train": 18, "maintenance": 1, "maintenance_date": "2022-06-07", "place": "\u0415\u041a\u0411", "mileage": 30846, "comment": "from bitrix"}}, {"model": "train.donemaidate", "pk": 407, "fields": {"created": "2023-02-04T10:22:13.701Z", "author": 1, "train": 18, "maintenance": 2, "maintenance_date": "2022-08-09", "place": "\u0415\u041a\u0411", "mileage": 59536, "comment": "from bitrix"}}, {"model": "train.donemaidate", "pk": 408, "fields": {"created": "2023-02-04T10:22:13.701Z", "author": 1, "train": 18, "maintenance": 3, "maintenance_date": "2022-10-14", "place": "\u0415\u041a\u0411", "mileage": 87196, "comment": "from bitrix"}}, {"model": "train.donemaidate", "pk": 409, "fields": {"created": "2023-02-04T10:22:13.701Z", "author": 1, "train": 18, "maintenance": 4, "maintenance_date": "2023-01-23", "place": "\u0415\u041a\u0411", "mileage": 122483, "comment": "from bitrix"}}, {"model": "train.donemaidate", "pk": 410, "fields": {"created": "2023-02-04T10:22:13.701Z", "author": 1, "train": 19, "maintenance": 1, "maintenance_date": "2022-05-17", "place": "\u0415\u041a\u0411", "mileage": 28628, "comment": "from bitrix"}}, {"model": "train.donemaidate", "pk": 411, "fields": {"created": "2023-02-04T10:22:13.701Z", "author": 1, "train": 19, "maintenance": 2, "maintenance_date": "2022-07-03", "place": "\u0415\u041a\u0411", "mileage": 52645, "comment": "from bitrix"}}, {"model": "train.donemaidate", "pk": 412, "fields": {"created": "2023-02-04T10:22:13.701Z", "author": 1, "train": 19, "maintenance": 3, "maintenance_date": "2022-08-27", "place": "\u0415\u041a\u0411", "mileage": 81991, "comment": "from bitrix"}}, {"model": "train.donemaidate", "pk": 413, "fields": {"created": "2023-02-04T10:22:13.701Z", "author": 1, "train": 19, "maintenance": 4, "maintenance_date": "2022-09-28", "place": "\u0415\u041a\u0411", "mileage": 100537, "comment": "from bitrix"}}, {"model": "train.donemaidate", "pk": 414, "fields": {"created": "2023-02-04T10:22:13.701Z", "author": 1, "train": 19, "maintenance": 5, "maintenance_date": "2022-10-31", "place": "\u0415\u041a\u0411", "mileage": 122781, "comment": "from bitrix"}}, {"model": "train.donemaidate", "pk": 415, "fields": {"created": "2023-02-04T10:22:13.701Z", "author": 1, "train": 19, "maintenance": 6, "maintenance_date": "2022-12-23", "place": "\u041c\u0421\u041a", "mileage": 150589, "comment": "from bitrix"}}, {"model": "train.donemaidate", "pk": 416, "fields": {"created": "2023-02-04T10:22:13.701Z", "author": 1, "train": 20, "maintenance": 1, "maintenance_date": "2022-08-28", "place": "\u0415\u041a\u0411", "mileage": 30923, "comment": "from bitrix"}}, {"model": "train.donemaidate", "pk": 417, "fields": {"created": "2023-02-04T10:22:13.701Z", "author": 1, "train": 20, "maintenance": 2, "maintenance_date": "2022-11-15", "place": "\u0415\u041a\u0411", "mileage": 62487, "comment": "from bitrix"}}, {"model": "train.donemaidate", "pk": 418, "fields": {"created": "2023-02-04T10:22:13.701Z", "author": 1, "train": 20, "maintenance": 3, "maintenance_date": "2023-01-26", "place": "\u0415\u041a\u0411", "mileage": 93187, "comment": "from bitrix"}}, {"model": "train.donemaidate", "pk": 419, "fields": {"created": "2023-02-04T10:22:13.701Z", "author": 1, "train": 21, "maintenance": 1, "maintenance_date": "2022-08-19", "place": "\u041c\u0421\u041a", "mileage": 33356, "comment": "from bitrix"}}, {"model": "train.donemaidate", "pk": 420, "fields": {"created": "2023-02-04T10:22:13.701Z", "author": 1, "train": 21, "maintenance": 2, "maintenance_date": "2022-10-16", "place": "\u041c\u0421\u041a", "mileage": 62678, "comment": "from bitrix"}}, {"model": "train.donemaidate", "pk": 421, "fields": {"created": "2023-02-04T10:22:13.701Z", "author": 1, "train": 21, "maintenance": 3, "maintenance_date": "2022-12-13", "place": "\u041c\u0421\u041a", "mileage": 90615, "comment": "from bitrix"}}, {"model": "train.donemaidate", "pk": 422, "fields": {"created": "2023-02-04T10:22:13.701Z", "author": 1, "train": 22, "maintenance": 1, "maintenance_date": "2022-09-26", "place": "\u041c\u0421\u041a", "mileage": 32700, "comment": "from bitrix"}}, {"model": "train.donemaidate", "pk": 423, "fields": {"created": "2023-02-04T10:22:13.701Z", "author": 1, "train": 22, "maintenance": 2, "maintenance_date": "2022-11-25", "place": "\u041c\u0421\u041a", "mileage": 61774, "comment": "from bitrix"}}, {"model": "train.donemaidate", "pk": 424, "fields": {"created": "2023-02-04T10:22:13.701Z", "author": 1, "train": 22, "maintenance": 3, "maintenance_date": "2023-02-03", "place": "\u0415\u041a\u0411", "mileage": 91378, "comment": "from bitrix"}}, {"model": "train.donemaidate", "pk": 425, "fields": {"created": "2023-02-04T10:22:13.701Z", "author": 1, "train": 23, "maintenance": 1, "maintenance_date": "2022-09-21", "place": "\u0415\u041a\u0411", "mileage": 27262, "comment": "from bitrix"}}, {"model": "train.donemaidate", "pk": 426, "fields": {"created": "2023-02-04T10:22:13.701Z", "author": 1, "train": 23, "maintenance": 2, "maintenance_date": "2022-11-25", "place": "\u0415\u041a\u0411", "mileage": 52796, "comment": "from bitrix"}}, {"model": "train.donemaidate", "pk": 427, "fields": {"created": "2023-02-04T10:22:13.701Z", "author": 1, "train": 23, "maintenance": 3, "maintenance_date": "2023-01-30", "place": "\u0415\u041a\u0411", "mileage": 82461, "comment": "from bitrix"}}, {"model": "train.donemaidate", "pk": 428, "fields": {"created": "2023-02-04T10:22:13.701Z", "author": 1, "train": 26, "maintenance": 1, "maintenance_date": "2020-12-04", "place": "\u0415\u041a\u0411", "mileage": 20341, "comment": "from bitrix"}}, {"model": "train.donemaidate", "pk": 429, "fields": {"created": "2023-02-04T10:22:13.701Z", "author": 1, "train": 26, "maintenance": 2, "maintenance_date": "2021-02-25", "place": "\u0415\u041a\u0411", "mileage": 50268, "comment": "from bitrix"}}, {"model": "train.donemaidate", "pk": 430, "fields": {"created": "2023-02-04T10:22:13.701Z", "author": 1, "train": 26, "maintenance": 3, "maintenance_date": "2021-03-11", "place": "\u0415\u041a\u0411", "mileage": 81122, "comment": "from bitrix"}}, {"model": "train.donemaidate", "pk": 431, "fields": {"created": "2023-02-04T10:22:13.701Z", "author": 1, "train": 26, "maintenance": 4, "maintenance_date": "2021-05-12", "place": "\u0415\u041a\u0411", "mileage": 106222, "comment": "from bitrix"}}, {"model": "train.donemaidate", "pk": 432, "fields": {"created": "2023-02-04T10:22:13.701Z", "author": 1, "train": 26, "maintenance": 5, "maintenance_date": "2021-07-03", "place": "\u0415\u041a\u0411", "mileage": 137736, "comment": "from bitrix"}}, {"model": "train.donemaidate", "pk": 433, "fields": {"created": "2023-02-04T10:22:13.701Z", "author": 1, "train": 26, "maintenance": 6, "maintenance_date": "2021-08-18", "place": "\u0415\u041a\u0411", "mileage": 158410, "comment": "from bitrix"}}, {"model": "train.donemaidate", "pk": 434, "fields": {"created": "2023-02-04T10:22:13.701Z", "author": 1, "train": 26, "maintenance": 7, "maintenance_date": "2021-11-02", "place": "\u0415\u041a\u0411", "mileage": 187662, "comment": "from bitrix"}}, {"model": "train.donemaidate", "pk": 435, "fields": {"created": "2023-02-04T10:22:13.701Z", "author": 1, "train": 26, "maintenance": 8, "maintenance_date": "2021-11-28", "place": "\u041c\u0421\u041a", "mileage": 196018, "comment": "from bitrix"}}, {"model": "train.donemaidate", "pk": 436, "fields": {"created": "2023-02-04T10:22:13.701Z", "author": 1, "train": 26, "maintenance": 9, "maintenance_date": "2022-01-27", "place": "\u0415\u041a\u0411", "mileage": 230872, "comment": "from bitrix"}}, {"model": "train.donemaidate", "pk": 437, "fields": {"created": "2023-02-04T10:22:13.701Z", "author": 1, "train": 26, "maintenance": 10, "maintenance_date": "2022-04-01", "place": "\u0415\u041a\u0411", "mileage": 259258, "comment": "from bitrix"}}, {"model": "train.donemaidate", "pk": 438, "fields": {"created": "2023-02-04T10:22:13.701Z", "author": 1, "train": 26, "maintenance": 11, "maintenance_date": "2022-05-14", "place": "\u0415\u041a\u0411", "mileage": 285205, "comment": "from bitrix"}}, {"model": "train.donemaidate", "pk": 439, "fields": {"created": "2023-02-04T10:22:13.701Z", "author": 1, "train": 26, "maintenance": 12, "maintenance_date": "2022-07-15", "place": "\u0415\u041a\u0411", "mileage": 315149, "comment": "from bitrix"}}, {"model": "train.donemaidate", "pk": 440, "fields": {"created": "2023-02-04T10:22:13.701Z", "author": 1, "train": 26, "maintenance": 13, "maintenance_date": "2022-09-30", "place": "\u0415\u041a\u0411", "mileage": 349974, "comment": "from bitrix"}}, {"model": "train.donemaidate", "pk": 441, "fields": {"created": "2023-02-04T10:22:13.701Z", "author": 1, "train": 26, "maintenance": 14, "maintenance_date": "2022-12-29", "place": "\u0415\u041a\u0411", "mileage": 387219, "comment": "from bitrix"}}, {"model": "train.donemaidate", "pk": 442, "fields": {"created": "2023-02-04T10:22:13.701Z", "author": 1, "train": 27, "maintenance": 1, "maintenance_date": "2020-12-09", "place": "\u0415\u041a\u0411", "mileage": 26201, "comment": "from bitrix"}}, {"model": "train.donemaidate", "pk": 443, "fields": {"created": "2023-02-04T10:22:13.701Z", "author": 1, "train": 27, "maintenance": 2, "maintenance_date": "2021-02-13", "place": "\u0415\u041a\u0411", "mileage": 55570, "comment": "from bitrix"}}, {"model": "train.donemaidate", "pk": 444, "fields": {"created": "2023-02-04T10:22:13.701Z", "author": 1, "train": 27, "maintenance": 3, "maintenance_date": "2021-03-20", "place": "\u0415\u041a\u0411", "mileage": 72287, "comment": "from bitrix"}}, {"model": "train.donemaidate", "pk": 445, "fields": {"created": "2023-02-04T10:22:13.701Z", "author": 1, "train": 27, "maintenance": 4, "maintenance_date": "2021-05-24", "place": "\u0415\u041a\u0411", "mileage": 104757, "comment": "from bitrix"}}, {"model": "train.donemaidate", "pk": 446, "fields": {"created": "2023-02-04T10:22:13.701Z", "author": 1, "train": 27, "maintenance": 5, "maintenance_date": "2021-07-27", "place": "\u0415\u041a\u0411", "mileage": 128371, "comment": "from bitrix"}}, {"model": "train.donemaidate", "pk": 447, "fields": {"created": "2023-02-04T10:22:13.701Z", "author": 1, "train": 27, "maintenance": 6, "maintenance_date": "2021-09-16", "place": "\u0415\u041a\u0411", "mileage": 156226, "comment": "from bitrix"}}, {"model": "train.donemaidate", "pk": 448, "fields": {"created": "2023-02-04T10:22:13.701Z", "author": 1, "train": 27, "maintenance": 7, "maintenance_date": "2021-11-13", "place": "\u0415\u041a\u0411", "mileage": 190865, "comment": "from bitrix"}}, {"model": "train.donemaidate", "pk": 449, "fields": {"created": "2023-02-04T10:22:13.701Z", "author": 1, "train": 27, "maintenance": 8, "maintenance_date": "2022-01-19", "place": "\u041c\u0421\u041a", "mileage": 221823, "comment": "from bitrix"}}, {"model": "train.donemaidate", "pk": 450, "fields": {"created": "2023-02-04T10:22:13.701Z", "author": 1, "train": 27, "maintenance": 9, "maintenance_date": "2022-03-22", "place": "\u0415\u041a\u0411", "mileage": 247323, "comment": "from bitrix"}}, {"model": "train.donemaidate", "pk": 451, "fields": {"created": "2023-02-04T10:22:13.701Z", "author": 1, "train": 27, "maintenance": 10, "maintenance_date": "2022-05-25", "place": "\u0415\u041a\u0411", "mileage": 276898, "comment": "from bitrix"}}, {"model": "train.donemaidate", "pk": 452, "fields": {"created": "2023-02-04T10:22:13.701Z", "author": 1, "train": 27, "maintenance": 11, "maintenance_date": "2022-08-05", "place": "\u0415\u041a\u0411", "mileage": 305975, "comment": "from bitrix"}}, {"model": "train.donemaidate", "pk": 453, "fields": {"created": "2023-02-04T10:22:13.701Z", "author": 1, "train": 27, "maintenance": 12, "maintenance_date": "2022-10-21", "place": "\u0415\u041a\u0411", "mileage": 357512, "comment": "from bitrix"}}, {"model": "train.donemaidate", "pk": 454, "fields": {"created": "2023-02-04T10:22:13.701Z", "author": 1, "train": 27, "maintenance": 13, "maintenance_date": "2022-12-12", "place": "\u0415\u041a\u0411", "mileage": 392970, "comment": "from bitrix"}}, {"model": "train.donemaidate", "pk": 455, "fields": {"created": "2023-02-04T10:22:13.701Z", "author": 1, "train": 28, "maintenance": 1, "maintenance_date": "2021-03-04", "place": "\u0415\u041a\u0411", "mileage": 30932, "comment": "from bitrix"}}, {"model": "train.donemaidate", "pk": 456, "fields": {"created": "2023-02-04T10:22:13.701Z", "author": 1, "train": 28, "maintenance": 2, "maintenance_date": "2021-04-17", "place": "\u0415\u041a\u0411", "mileage": 54238, "comment": "from bitrix"}}, {"model": "train.donemaidate", "pk": 457, "fields": {"created": "2023-02-04T10:22:13.701Z", "author": 1, "train": 28, "maintenance": 3, "maintenance_date": "2021-06-12", "place": "\u0415\u041a\u0411", "mileage": 85198, "comment": "from bitrix"}}, {"model": "train.donemaidate", "pk": 458, "fields": {"created": "2023-02-04T10:22:13.701Z", "author": 1, "train": 28, "maintenance": 4, "maintenance_date": "2021-08-09", "place": "\u0415\u041a\u0411", "mileage": 115763, "comment": "from bitrix"}}, {"model": "train.donemaidate", "pk": 459, "fields": {"created": "2023-02-04T10:22:13.701Z", "author": 1, "train": 28, "maintenance": 5, "maintenance_date": "2021-10-02", "place": "\u0415\u041a\u0411", "mileage": 145031, "comment": "from bitrix"}}, {"model": "train.donemaidate", "pk": 460, "fields": {"created": "2023-02-04T10:22:13.701Z", "author": 1, "train": 28, "maintenance": 6, "maintenance_date": "2021-12-10", "place": "\u0415\u041a\u0411", "mileage": 176741, "comment": "from bitrix"}}, {"model": "train.donemaidate", "pk": 461, "fields": {"created": "2023-02-04T10:22:13.701Z", "author": 1, "train": 28, "maintenance": 7, "maintenance_date": "2022-02-11", "place": "\u0415\u041a\u0411", "mileage": 204027, "comment": "from bitrix"}}, {"model": "train.donemaidate", "pk": 462, "fields": {"created": "2023-02-04T10:22:13.701Z", "author": 1, "train": 28, "maintenance": 8, "maintenance_date": "2022-04-16", "place": "\u041c\u0421\u041a", "mileage": 233068, "comment": "from bitrix"}}, {"model": "train.donemaidate", "pk": 463, "fields": {"created": "2023-02-04T10:22:13.701Z", "author": 1, "train": 28, "maintenance": 9, "maintenance_date": "2022-06-16", "place": "\u0415\u041a\u0411", "mileage": 258754, "comment": "from bitrix"}}, {"model": "train.donemaidate", "pk": 464, "fields": {"created": "2023-02-04T10:22:13.701Z", "author": 1, "train": 28, "maintenance": 10, "maintenance_date": "2022-08-26", "place": "\u0415\u041a\u0411", "mileage": 288904, "comment": "from bitrix"}}, {"model": "train.donemaidate", "pk": 465, "fields": {"created": "2023-02-04T10:22:13.701Z", "author": 1, "train": 28, "maintenance": 12, "maintenance_date": "2022-10-30", "place": "\u0415\u041a\u0411", "mileage": 334650, "comment": "from bitrix"}}, {"model": "train.donemaidate", "pk": 466, "fields": {"created": "2023-02-04T10:22:13.701Z", "author": 1, "train": 28, "maintenance": 14, "maintenance_date": "2023-01-11", "place": "\u0415\u041a\u0411", "mileage": 381847, "comment": "from bitrix"}}, {"model": "train.donemaidate", "pk": 467, "fields": {"created": "2023-02-04T10:22:13.701Z", "author": 1, "train": 29, "maintenance": 1, "maintenance_date": "2021-10-12", "place": "\u0415\u041a\u0411", "mileage": 1438456, "comment": "from bitrix"}}, {"model": "train.donemaidate", "pk": 468, "fields": {"created": "2023-02-04T10:22:13.701Z", "author": 1, "train": 29, "maintenance": 2, "maintenance_date": "2022-01-10", "place": "\u0415\u041a\u0411", "mileage": 1462098, "comment": "from bitrix"}}, {"model": "train.donemaidate", "pk": 469, "fields": {"created": "2023-02-04T10:22:13.701Z", "author": 1, "train": 29, "maintenance": 3, "maintenance_date": "2022-04-09", "place": "\u0415\u041a\u0411", "mileage": 1490279, "comment": "from bitrix"}}, {"model": "train.donemaidate", "pk": 470, "fields": {"created": "2023-02-04T10:22:13.701Z", "author": 1, "train": 29, "maintenance": 4, "maintenance_date": "2022-06-26", "place": "\u0415\u041a\u0411", "mileage": 1519384, "comment": "from bitrix"}}, {"model": "train.donemaidate", "pk": 471, "fields": {"created": "2023-02-04T10:22:13.701Z", "author": 1, "train": 29, "maintenance": 5, "maintenance_date": "2022-09-05", "place": "\u0415\u041a\u0411", "mileage": 1544306, "comment": "from bitrix"}}, {"model": "train.donemaidate", "pk": 472, "fields": {"created": "2023-02-04T10:22:13.701Z", "author": 1, "train": 29, "maintenance": 6, "maintenance_date": "2022-11-12", "place": "\u0415\u041a\u0411", "mileage": 1574302, "comment": "from bitrix"}}, {"model": "train.donemaidate", "pk": 473, "fields": {"created": "2023-02-04T10:22:13.701Z", "author": 1, "train": 29, "maintenance": 7, "maintenance_date": "2023-01-25", "place": "\u0415\u041a\u0411", "mileage": 1604426, "comment": "from bitrix"}}, {"model": "train.donemaidate", "pk": 474, "fields": {"created": "2023-02-04T10:22:13.701Z", "author": 1, "train": 30, "maintenance": 1, "maintenance_date": "2021-10-24", "place": "\u0415\u041a\u0411", "mileage": 1463077, "comment": "from bitrix"}}, {"model": "train.donemaidate", "pk": 475, "fields": {"created": "2023-02-04T10:22:13.701Z", "author": 1, "train": 30, "maintenance": 2, "maintenance_date": "2022-02-05", "place": "\u0415\u041a\u0411", "mileage": 1486474, "comment": "from bitrix"}}, {"model": "train.donemaidate", "pk": 476, "fields": {"created": "2023-02-04T10:22:13.701Z", "author": 1, "train": 30, "maintenance": 3, "maintenance_date": "2022-05-02", "place": "\u0415\u041a\u0411", "mileage": 1516026, "comment": "from bitrix"}}, {"model": "train.donemaidate", "pk": 477, "fields": {"created": "2023-02-04T10:22:13.701Z", "author": 1, "train": 30, "maintenance": 4, "maintenance_date": "2022-07-27", "place": "\u0415\u041a\u0411", "mileage": 1547988, "comment": "from bitrix"}}, {"model": "train.donemaidate", "pk": 478, "fields": {"created": "2023-02-04T10:22:13.701Z", "author": 1, "train": 30, "maintenance": 5, "maintenance_date": "2022-11-01", "place": "\u0415\u041a\u0411", "mileage": 1577888, "comment": "from bitrix"}}, {"model": "train.donemaidate", "pk": 479, "fields": {"created": "2023-02-04T10:22:13.701Z", "author": 1, "train": 30, "maintenance": 6, "maintenance_date": "2023-01-17", "place": "\u0415\u041a\u0411", "mileage": 1614988, "comment": "from bitrix"}}, {"model": "train.donemaidate", "pk": 480, "fields": {"created": "2017-12-28T10:22:13.701Z", "author": 1, "train": 4, "maintenance": 66, "maintenance_date": "2017-12-28", "place": "\u0415\u041a\u0411", "mileage": 353178, "comment": "\u0432\u043d\u0435\u043e\u0447\u0435\u0440\u0435\u0434\u043d\u0430\u044f"}}, {"model": "train.donemaidate", "pk": 481, "fields": {"created": "2021-11-22T10:22:13.701Z", "author": 1, "train": 13, "maintenance": 67, "maintenance_date": "2021-11-22", "place": "\u0415\u041a\u0411", "mileage": 199397, "comment": "\u0432\u043d\u0435\u043e\u0447\u0435\u0440\u0435\u0434\u043d\u0430\u044f"}}, {"model": "train.donemaidate", "pk": 482, "fields": {"created": "2022-05-07T10:22:13.701Z", "author": 1, "train": 6, "maintenance": 67, "maintenance_date": "2022-05-07", "place": "\u0415\u041a\u0411", "mileage": 1037242, "comment": "\u0432\u043d\u0435\u043e\u0447\u0435\u0440\u0435\u0434\u043d\u0430\u044f"}}, {"model": "train.donemaidate", "pk": 488, "fields": {"created": "2023-02-04T16:32:40.136Z", "author": 1, "train": 9, "maintenance": 68, "maintenance_date": "2023-02-04", "place": "\u0415\u041a\u0411", "mileage": 130507, "comment": null}}, {"model": "admin.logentry", "pk": 1, "fields": {"action_time": "2023-02-04T10:20:36.562Z", "user": 1, "content_type": 4, "object_id": "1", "object_repr": "Dimon", "action_flag": 2, "change_message": "[{\"changed\": {\"fields\": [\"first_name\", \"last_name\"]}}]"}}, {"model": "admin.logentry", "pk": 2, "fields": {"action_time": "2023-02-04T10:21:14.594Z", "user": 1, "content_type": 8, "object_id": "1", "object_repr": "\u042d\u04212\u0413", "action_flag": 1, "change_message": "[{\"added\": {}}]"}}, {"model": "admin.logentry", "pk": 3, "fields": {"action_time": "2023-02-04T10:21:40.630Z", "user": 1, "content_type": 11, "object_id": "1", "object_repr": "1, Vi, 25000", "action_flag": 1, "change_message": "[{\"added\": {}}]"}}, {"model": "admin.logentry", "pk": 4, "fields": {"action_time": "2023-02-04T10:35:46.339Z", "user": 1, "content_type": 8, "object_id": "2", "object_repr": "\u042d\u04211", "action_flag": 1, "change_message": "[{\"added\": {}}]"}}, {"model": "admin.logentry", "pk": 5, "fields": {"action_time": "2023-02-04T10:36:01.353Z", "user": 1, "content_type": 8, "object_id": "3", "object_repr": "\u042d\u04211\u041f", "action_flag": 1, "change_message": "[{\"added\": {}}]"}}, {"model": "admin.logentry", "pk": 6, "fields": {"action_time": "2023-02-04T11:47:48.469Z", "user": 1, "content_type": 4, "object_id": "1", "object_repr": "Dmitry", "action_flag": 2, "change_message": "[{\"changed\": {\"fields\": [\"username\"]}}]"}}, {"model": "admin.logentry", "pk": 7, "fields": {"action_time": "2023-02-04T11:58:09.588Z", "user": 1, "content_type": 11, "object_id": "65", "object_repr": "None, Vi*, None", "action_flag": 1, "change_message": "[{\"added\": {}}]"}}, {"model": "admin.logentry", "pk": 8, "fields": {"action_time": "2023-02-04T11:58:18.248Z", "user": 1, "content_type": 11, "object_id": "66", "object_repr": "None, I1*, None", "action_flag": 1, "change_message": "[{\"added\": {}}]"}}, {"model": "admin.logentry", "pk": 9, "fields": {"action_time": "2023-02-04T11:58:25.687Z", "user": 1, "content_type": 11, "object_id": "67", "object_repr": "None, I2*, None", "action_flag": 1, "change_message": "[{\"added\": {}}]"}}, {"model": "admin.logentry", "pk": 10, "fields": {"action_time": "2023-02-04T14:20:03.274Z", "user": 1, "content_type": 11, "object_id": "68", "object_repr": "None, 30, None", "action_flag": 1, "change_message": "[{\"added\": {}}]"}}, {"model": "admin.logentry", "pk": 11, "fields": {"action_time": "2023-02-04T14:20:18.314Z", "user": 1, "content_type": 11, "object_id": "69", "object_repr": "None, \u0417\u0438\u043c\u0430, None", "action_flag": 1, "change_message": "[{\"added\": {}}]"}}, {"model": "admin.logentry", "pk": 12, "fields": {"action_time": "2023-02-04T14:20:31.970Z", "user": 1, "content_type": 11, "object_id": "70", "object_repr": "None, \u041b\u0435\u0442\u043e, None", "action_flag": 1, "change_message": "[{\"added\": {}}]"}}, {"model": "admin.logentry", "pk": 13, "fields": {"action_time": "2023-02-04T16:27:13.355Z", "user": 1, "content_type": 11, "object_id": "70", "object_repr": "None, \u041b\u0435\u0442\u043e, None", "action_flag": 2, "change_message": "[{\"changed\": {\"fields\": [\"comment\"]}}]"}}, {"model": "admin.logentry", "pk": 14, "fields": {"action_time": "2023-02-04T16:27:22.490Z", "user": 1, "content_type": 11, "object_id": "69", "object_repr": "None, \u0417\u0438\u043c\u0430, None", "action_flag": 2, "change_message": "[{\"changed\": {\"fields\": [\"comment\"]}}]"}}, {"model": "admin.logentry", "pk": 15, "fields": {"action_time": "2023-02-04T16:27:27.357Z", "user": 1, "content_type": 11, "object_id": "68", "object_repr": "None, 30, None", "action_flag": 2, "change_message": "[]"}}, {"model": "admin.logentry", "pk": 16, "fields": {"action_time": "2023-02-04T16:27:39.225Z", "user": 1, "content_type": 11, "object_id": "67", "object_repr": "None, I2*, None", "action_flag": 2, "change_message": "[{\"changed\": {\"fields\": [\"comment\"]}}]"}}, {"model": "admin.logentry", "pk": 17, "fields": {"action_time": "2023-02-04T16:27:52.277Z", "user": 1, "content_type": 11, "object_id": "66", "object_repr": "None, I1*, None", "action_flag": 2, "change_message": "[{\"changed\": {\"fields\": [\"comment\"]}}]"}}, {"model": "admin.logentry", "pk": 18, "fields": {"action_time": "2023-02-04T16:28:00.340Z", "user": 1, "content_type": 11, "object_id": "65", "object_repr": "None, Vi*, None", "action_flag": 2, "change_message": "[{\"changed\": {\"fields\": [\"comment\"]}}]"}}, {"model": "admin.logentry", "pk": 19, "fields": {"action_time": "2023-02-04T16:29:38.842Z", "user": 1, "content_type": 11, "object_id": "68", "object_repr": "None, 30, None", "action_flag": 2, "change_message": "[]"}}]