1,2023-02-04 10:22:13.701393,2015-10-23,МСК,25550,from bitrix,1,1,1
2,2023-02-04 10:22:13.701393,2016-1-5,ЕКБ,55333,from bitrix,1,2,1
3,2023-02-04 10:22:13.701393,2016-2-23,ЕКБ,74523,from bitrix,1,3,1
4,2023-02-04 10:22:13.701393,2016-4-11,ЕКБ,95611,from bitrix,1,4,1
5,2023-02-04 10:22:13.701393,2016-6-15,ЕКБ,123736,from bitrix,1,5,1
6,2023-02-04 10:22:13.701393,2016-8-24,ЕКБ,150430,from bitrix,1,6,1
7,2023-02-04 10:22:13.701393,2016-11-5,МСК,169962,from bitrix,1,8,1
8,2023-02-04 10:22:13.701393,2017-1-16,МСК,195916,from bitrix,1,9,1
9,2023-02-04 10:22:13.701393,2017-3-22,ЕКБ,222663,from bitrix,1,10,1
10,2023-02-04 10:22:13.701393,2017-5-25,МСК,249640,from bitrix,1,11,1
11,2023-02-04 10:22:13.701393,2017-7-24,МСК,273711,from bitrix,1,12,1
12,2023-02-04 10:22:13.701393,2017-9-18,ЕКБ,294340,from bitrix,1,13,1
13,2023-02-04 10:22:13.701393,2017-11-14,МСК,320876,from bitrix,1,14,1
14,2023-02-04 10:22:13.701393,2018-1-11,ЕКБ,344211,from bitrix,1,15,1
15,2023-02-04 10:22:13.701393,2018-3-15,МСК,373708,from bitrix,1,16,1
16,2023-02-04 10:22:13.701393,2018-5-20,МСК,406033,from bitrix,1,17,1
17,2023-02-04 10:22:13.701393,2018-7-31,ЕКБ,433118,from bitrix,1,18,1
18,2023-02-04 10:22:13.701393,2018-11-7,ЕКБ,462231,from bitrix,1,19,1
19,2023-02-04 10:22:13.701393,2019-2-13,ЕКБ,492031,from bitrix,1,20,1
20,2023-02-04 10:22:13.701393,2019-4-3,ЕКБ,516928,from bitrix,1,21,1
21,2023-02-04 10:22:13.701393,2019-6-5,ЕКБ,545082,from bitrix,1,22,1
22,2023-02-04 10:22:13.701393,2019-8-9,ЕКБ,570564,from bitrix,1,23,1
23,2023-02-04 10:22:13.701393,2019-11-1,МСК,596689,from bitrix,1,24,1
24,2023-02-04 10:22:13.701393,2019-12-26,ЕКБ,621722,from bitrix,1,25,1
25,2023-02-04 10:22:13.701393,2020-2-26,ЕКБ,648422,from bitrix,1,26,1
26,2023-02-04 10:22:13.701393,2020-4-21,ЕКБ,670892,from bitrix,1,27,1
27,2023-02-04 10:22:13.701393,2020-8-6,ЕКБ,697742,from bitrix,1,28,1
28,2023-02-04 10:22:13.701393,2020-10-13,ЕКБ,726684,from bitrix,1,29,1
29,2023-02-04 10:22:13.701393,2020-12-23,ЕКБ,756555,from bitrix,1,30,1
30,2023-02-04 10:22:13.701393,2021-3-3,ЕКБ,783175,from bitrix,1,31,1
31,2023-02-04 10:22:13.701393,2021-4-29,МСК,809644,from bitrix,1,32,1
32,2023-02-04 10:22:13.701393,2021-7-29,ЕКБ,841146,from bitrix,1,33,1
33,2023-02-04 10:22:13.701393,2021-10-18,ЕКБ,873926,from bitrix,1,34,1
34,2023-02-04 10:22:13.701393,2021-12-25,ЕКБ,896541,from bitrix,1,35,1
35,2023-02-04 10:22:13.701393,2022-3-1,ЕКБ,925267,from bitrix,1,36,1
36,2023-02-04 10:22:13.701393,2022-5-4,ЕКБ,954933,from bitrix,1,37,1
37,2023-02-04 10:22:13.701393,2022-7-19,ЕКБ,985357,from bitrix,1,38,1
38,2023-02-04 10:22:13.701393,2022-10-22,МСК,1018201,from bitrix,1,39,1
39,2023-02-04 10:22:13.701393,2022-12-31,МСК,1061161,from bitrix,1,40,1
40,2023-02-04 10:22:13.701393,2015-10-17,МСК,25516,from bitrix,1,1,2
41,2023-02-04 10:22:13.701393,2015-12-29,ЕКБ,56154,from bitrix,1,2,2
42,2023-02-04 10:22:13.701393,2016-2-15,ЕКБ,78314,from bitrix,1,3,2
43,2023-02-04 10:22:13.701393,2016-5-7,ЕКБ,104319,from bitrix,1,4,2
44,2023-02-04 10:22:13.701393,2016-6-21,МСК,127608,from bitrix,1,5,2
45,2023-02-04 10:22:13.701393,2016-9-9,ЕКБ,157172,from bitrix,1,6,2
46,2023-02-04 10:22:13.701393,2016-11-5,МСК,178434,from bitrix,1,8,2
47,2023-02-04 10:22:13.701393,2017-1-5,ЕКБ,205684,from bitrix,1,9,2
48,2023-02-04 10:22:13.701393,2017-3-13,МСК,231586,from bitrix,1,10,2
49,2023-02-04 10:22:13.701393,2017-5-3,ЕКБ,254151,from bitrix,1,11,2
50,2023-02-04 10:22:13.701393,2017-7-9,МСК,279301,from bitrix,1,12,2
51,2023-02-04 10:22:13.701393,2017-8-30,ЕКБ,304371,from bitrix,1,13,2
52,2023-02-04 10:22:13.701393,2017-10-24,ЕКБ,329279,from bitrix,1,14,2
53,2023-02-04 10:22:13.701393,2017-12-16,МСК,352441,from bitrix,1,15,2
54,2023-02-04 10:22:13.701393,2018-2-14,МСК,378512,from bitrix,1,16,2
55,2023-02-04 10:22:13.701393,2018-4-3,ЕКБ,400364,from bitrix,1,17,2
56,2023-02-04 10:22:13.701393,2018-7-3,ЕКБ,428795,from bitrix,1,18,2
57,2023-02-04 10:22:13.701393,2018-10-20,ЕКБ,458737,from bitrix,1,19,2
58,2023-02-04 10:22:13.701393,2018-12-28,ЕКБ,484224,from bitrix,1,20,2
59,2023-02-04 10:22:13.701393,2019-2-26,ЕКБ,513293,from bitrix,1,21,2
60,2023-02-04 10:22:13.701393,2019-5-7,ЕКБ,541269,from bitrix,1,22,2
61,2023-02-04 10:22:13.701393,2019-6-18,ЕКБ,562312,from bitrix,1,23,2
62,2023-02-04 10:22:13.701393,2019-9-1,МСК,592899,from bitrix,1,24,2
63,2023-02-04 10:22:13.701393,2019-10-18,ЕКБ,614945,from bitrix,1,25,2
64,2023-02-04 10:22:13.701393,2019-12-22,ЕКБ,642070,from bitrix,1,26,2
65,2023-02-04 10:22:13.701393,2020-2-20,ЕКБ,669014,from bitrix,1,27,2
66,2023-02-04 10:22:13.701393,2020-4-16,ЕКБ,693526,from bitrix,1,28,2
67,2023-02-04 10:22:13.701393,2020-6-17,ЕКБ,720010,from bitrix,1,29,2
68,2023-02-04 10:22:13.701393,2020-8-25,ЕКБ,744891,from bitrix,1,30,2
69,2023-02-04 10:22:13.701393,2020-10-22,ЕКБ,770033,from bitrix,1,31,2
70,2023-02-04 10:22:13.701393,2021-1-1,МСК,798880,from bitrix,1,32,2
71,2023-02-04 10:22:13.701393,2021-3-16,ЕКБ,827810,from bitrix,1,33,2
72,2023-02-04 10:22:13.701393,2021-6-8,ЕКБ,856993,from bitrix,1,34,2
73,2023-02-04 10:22:13.701393,2021-8-5,ЕКБ,885708,from bitrix,1,35,2
74,2023-02-04 10:22:13.701393,2021-10-10,ЕКБ,917904,from bitrix,1,36,2
75,2023-02-04 10:22:13.701393,2021-12-21,ЕКБ,944598,from bitrix,1,37,2
76,2023-02-04 10:22:13.701393,2022-4-6,ЕКБ,974184,from bitrix,1,38,2
77,2023-02-04 10:22:13.701393,2022-5-30,ЕКБ,996158,from bitrix,1,39,2
78,2023-02-04 10:22:13.701393,2022-8-8,МСК,1028197,from bitrix,1,40,2
79,2023-02-04 10:22:13.701393,2022-10-7,ЕКБ,1057502,from bitrix,1,41,2
80,2023-02-04 10:22:13.701393,2022-12-20,ЕКБ,1099730,from bitrix,1,42,2
81,2023-02-04 10:22:13.701393,2015-11-2,МСК,25645,from bitrix,1,1,3
82,2023-02-04 10:22:13.701393,2015-12-22,МСК,48605,from bitrix,1,2,3
83,2023-02-04 10:22:13.701393,2016-3-10,ЕКБ,77669,from bitrix,1,3,3
84,2023-02-04 10:22:13.701393,2016-5-25,ЕКБ,106954,from bitrix,1,4,3
85,2023-02-04 10:22:13.701393,2016-7-7,ЕКБ,130345,from bitrix,1,5,3
86,2023-02-04 10:22:13.701393,2016-8-15,ЕКБ,152730,from bitrix,1,6,3
87,2023-02-04 10:22:13.701393,2016-10-12,МСК,177140,from bitrix,1,8,3
88,2023-02-04 10:22:13.701393,2016-12-21,МСК,205116,from bitrix,1,9,3
89,2023-02-04 10:22:13.701393,2017-2-16,ЕКБ,230727,from bitrix,1,10,3
90,2023-02-04 10:22:13.701393,2017-4-18,МСК,256140,from bitrix,1,11,3
91,2023-02-04 10:22:13.701393,2017-6-15,ЕКБ,278619,from bitrix,1,12,3
92,2023-02-04 10:22:13.701393,2017-8-7,ЕКБ,303670,from bitrix,1,13,3
93,2023-02-04 10:22:13.701393,2017-10-3,ЕКБ,328146,from bitrix,1,14,3
94,2023-02-04 10:22:13.701393,2017-11-29,ЕКБ,351808,from bitrix,1,15,3
95,2023-02-04 10:22:13.701393,2018-1-21,МСК,377092,from bitrix,1,16,3
96,2023-02-04 10:22:13.701393,2018-3-28,ЕКБ,401876,from bitrix,1,17,3
97,2023-02-04 10:22:13.701393,2018-6-4,ЕКБ,431996,from bitrix,1,18,3
98,2023-02-04 10:22:13.701393,2018-8-6,ЕКБ,461749,from bitrix,1,19,3
99,2023-02-04 10:22:13.701393,2018-10-30,ЕКБ,489665,from bitrix,1,20,3
100,2023-02-04 10:22:13.701393,2018-12-19,ЕКБ,515458,from bitrix,1,21,3
101,2023-02-04 10:22:13.701393,2019-3-8,МСК,546114,from bitrix,1,22,3
102,2023-02-04 10:22:13.701393,2019-5-16,ЕКБ,572791,from bitrix,1,23,3
103,2023-02-04 10:22:13.701393,2019-6-30,МСК,593454,from bitrix,1,24,3
104,2023-02-04 10:22:13.701393,2019-8-19,ЕКБ,619296,from bitrix,1,25,3
105,2023-02-04 10:22:13.701393,2019-10-4,ЕКБ,644459,from bitrix,1,26,3
106,2023-02-04 10:22:13.701393,2019-12-4,МСК,671904,from bitrix,1,27,3
107,2023-02-04 10:22:13.701393,2020-2-9,ЕКБ,701731,from bitrix,1,28,3
108,2023-02-04 10:22:13.701393,2020-4-1,ЕКБ,726714,from bitrix,1,29,3
109,2023-02-04 10:22:13.701393,2020-6-3,ЕКБ,751035,from bitrix,1,30,3
110,2023-02-04 10:22:13.701393,2020-8-12,ЕКБ,777347,from bitrix,1,31,3
111,2023-02-04 10:22:13.701393,2020-10-6,МСК,797220,from bitrix,1,32,3
112,2023-02-04 10:22:13.701393,2020-12-1,ЕКБ,821951,from bitrix,1,33,3
113,2023-02-04 10:22:13.701393,2021-1-29,ЕКБ,848259,from bitrix,1,34,3
114,2023-02-04 10:22:13.701393,2021-3-29,ЕКБ,869884,from bitrix,1,35,3
115,2023-02-04 10:22:13.701393,2021-6-26,ЕКБ,900216,from bitrix,1,36,3
116,2023-02-04 10:22:13.701393,2021-8-28,ЕКБ,928631,from bitrix,1,37,3
117,2023-02-04 10:22:13.701393,2021-10-26,ЕКБ,958092,from bitrix,1,38,3
118,2023-02-04 10:22:13.701393,2021-12-29,ЕКБ,979585,from bitrix,1,39,3
119,2023-02-04 10:22:13.701393,2022-4-21,МСК,1006222,from bitrix,1,40,3
120,2023-02-04 10:22:13.701393,2022-6-24,ЕКБ,1030687,from bitrix,1,41,3
121,2023-02-04 10:22:13.701393,2022-8-29,ЕКБ,1052172,from bitrix,1,42,3
122,2023-02-04 10:22:13.701393,2022-10-12,ЕКБ,1078943,from bitrix,1,43,3
123,2023-02-04 10:22:13.701393,2022-12-17,ЕКБ,1116295,from bitrix,1,44,3
124,2023-02-04 10:22:13.701393,2023-2-1,ЕКБ,1146382,from bitrix,1,45,3
125,2023-02-04 10:22:13.701393,2015-11-3,МСК,22171,from bitrix,1,1,4
126,2023-02-04 10:22:13.701393,2015-12-19,МСК,45112,from bitrix,1,2,4
127,2023-02-04 10:22:13.701393,2016-2-26,ЕКБ,73728,from bitrix,1,3,4
128,2023-02-04 10:22:13.701393,2016-4-14,ЕКБ,100077,from bitrix,1,4,4
129,2023-02-04 10:22:13.701393,2016-6-17,ЕКБ,126708,from bitrix,1,5,4
130,2023-02-04 10:22:13.701393,2016-8-13,ЕКБ,149986,from bitrix,1,6,4
131,2023-02-04 10:22:13.701393,2016-9-28,ЕКБ,175065,from bitrix,1,7,4
132,2023-02-04 10:22:13.701393,2016-10-12,МСК,175066,from bitrix,1,8,4
133,2023-02-04 10:22:13.701393,2016-12-14,ЕКБ,202492,from bitrix,1,9,4
134,2023-02-04 10:22:13.701393,2017-2-4,МСК,222514,from bitrix,1,10,4
135,2023-02-04 10:22:13.701393,2017-4-3,ЕКБ,248723,from bitrix,1,11,4
136,2023-02-04 10:22:13.701393,2017-5-20,МСК,262680,from bitrix,1,12,4
137,2023-02-04 10:22:13.701393,2017-7-13,ЕКБ,283294,from bitrix,1,13,4
138,2023-02-04 10:22:13.701393,2017-9-7,ЕКБ,307814,from bitrix,1,14,4
139,2023-02-04 10:22:13.701393,2017-11-2,ЕКБ,328599,from bitrix,1,15,4
140,2023-02-04 10:22:13.701393,2018-3-2,МСК,382737,from bitrix,1,16,4
141,2023-02-04 10:22:13.701393,2018-4-30,ЕКБ,410327,from bitrix,1,17,4
142,2023-02-04 10:22:13.701393,2018-7-18,ЕКБ,440207,from bitrix,1,18,4
143,2023-02-04 10:22:13.701393,2018-9-20,ЕКБ,466898,from bitrix,1,19,4
144,2023-02-04 10:22:13.701393,2018-11-14,ЕКБ,495639,from bitrix,1,20,4
145,2023-02-04 10:22:13.701393,2019-1-10,ЕКБ,522090,from bitrix,1,21,4
146,2023-02-04 10:22:13.701393,2019-3-27,ЕКБ,551205,from bitrix,1,22,4
147,2023-02-04 10:22:13.701393,2019-5-21,ЕКБ,575825,from bitrix,1,23,4
148,2023-02-04 10:22:13.701393,2019-7-29,МСК,603122,from bitrix,1,24,4
149,2023-02-04 10:22:13.701393,2019-9-29,ЕКБ,628018,from bitrix,1,25,4
150,2023-02-04 10:22:13.701393,2019-11-20,ЕКБ,654295,from bitrix,1,26,4
151,2023-02-04 10:22:13.701393,2020-1-23,ЕКБ,681188,from bitrix,1,27,4
152,2023-02-04 10:22:13.701393,2020-3-12,ЕКБ,706760,from bitrix,1,28,4
153,2023-02-04 10:22:13.701393,2020-6-8,ЕКБ,735572,from bitrix,1,29,4
154,2023-02-04 10:22:13.701393,2020-8-1,ЕКБ,761115,from bitrix,1,30,4
155,2023-02-04 10:22:13.701393,2020-9-28,ЕКБ,790298,from bitrix,1,31,4
156,2023-02-04 10:22:13.701393,2020-11-23,МСК,816799,from bitrix,1,32,4
157,2023-02-04 10:22:13.701393,2021-2-5,ЕКБ,843084,from bitrix,1,33,4
158,2023-02-04 10:22:13.701393,2021-4-21,ЕКБ,871954,from bitrix,1,34,4
159,2023-02-04 10:22:13.701393,2021-7-1,ЕКБ,901856,from bitrix,1,35,4
160,2023-02-04 10:22:13.701393,2021-9-9,ЕКБ,930031,from bitrix,1,36,4
161,2023-02-04 10:22:13.701393,2021-11-11,ЕКБ,952323,from bitrix,1,37,4
162,2023-02-04 10:22:13.701393,2022-1-6,ЕКБ,972293,from bitrix,1,38,4
163,2023-02-04 10:22:13.701393,2022-4-29,ЕКБ,1002081,from bitrix,1,39,4
164,2023-02-04 10:22:13.701393,2022-7-11,МСК,1033787,from bitrix,1,40,4
165,2023-02-04 10:22:13.701393,2022-9-13,ЕКБ,1059560,from bitrix,1,41,4
166,2023-02-04 10:22:13.701393,2022-10-18,ЕКБ,1085223,from bitrix,1,42,4
167,2023-02-04 10:22:13.701393,2022-12-13,ЕКБ,1121550,from bitrix,1,43,4
168,2023-02-04 10:22:13.701393,2015-11-6,МСК,24072,from bitrix,1,1,5
169,2023-02-04 10:22:13.701393,2015-12-30,МСК,50823,from bitrix,1,2,5
170,2023-02-04 10:22:13.701393,2016-2-25,МСК,80296,from bitrix,1,3,5
171,2023-02-04 10:22:13.701393,2016-4-10,МСК,107104,from bitrix,1,4,5
172,2023-02-04 10:22:13.701393,2016-5-24,МСК,130395,from bitrix,1,5,5
173,2023-02-04 10:22:13.701393,2016-9-19,МСК,157846,from bitrix,1,6,5
174,2023-02-04 10:22:13.701393,2016-11-5,МСК,184679,from bitrix,1,7,5
175,2023-02-04 10:22:13.701393,2016-12-28,МСК,217393,from bitrix,1,8,5
176,2023-02-04 10:22:13.701393,2017-2-11,МСК,240829,from bitrix,1,9,5
177,2023-02-04 10:22:13.701393,2017-3-18,МСК,261482,from bitrix,1,10,5
178,2023-02-04 10:22:13.701393,2017-5-8,МСК,286726,from bitrix,1,11,5
179,2023-02-04 10:22:13.701393,2017-6-20,МСК,318812,from bitrix,1,12,5
180,2023-02-04 10:22:13.701393,2017-9-10,СПБ,345246,from bitrix,1,13,5
181,2023-02-04 10:22:13.701393,2017-11-19,СПБ,369823,from bitrix,1,14,5
182,2023-02-04 10:22:13.701393,2018-2-6,ЕКБ,392071,from bitrix,1,15,5
183,2023-02-04 10:22:13.701393,2018-4-10,МСК,416719,from bitrix,1,16,5
184,2023-02-04 10:22:13.701393,2018-6-10,ЕКБ,443028,from bitrix,1,17,5
185,2023-02-04 10:22:13.701393,2018-8-21,ЕКБ,471922,from bitrix,1,18,5
186,2023-02-04 10:22:13.701393,2018-10-24,ЕКБ,501490,from bitrix,1,19,5
187,2023-02-04 10:22:13.701393,2019-1-16,ЕКБ,529840,from bitrix,1,20,5
188,2023-02-04 10:22:13.701393,2019-3-1,ЕКБ,552232,from bitrix,1,21,5
189,2023-02-04 10:22:13.701393,2019-4-29,ЕКБ,578488,from bitrix,1,22,5
190,2023-02-04 10:22:13.701393,2019-7-12,ЕКБ,603142,from bitrix,1,23,5
191,2023-02-04 10:22:13.701393,2019-9-16,МСК,630926,from bitrix,1,24,5
192,2023-02-04 10:22:13.701393,2019-11-14,ЕКБ,655970,from bitrix,1,25,5
193,2023-02-04 10:22:13.701393,2020-1-18,ЕКБ,685096,from bitrix,1,26,5
194,2023-02-04 10:22:13.701393,2020-3-5,ЕКБ,707142,from bitrix,1,27,5
195,2023-02-04 10:22:13.701393,2020-4-30,ЕКБ,731728,from bitrix,1,28,5
196,2023-02-04 10:22:13.701393,2020-6-25,ЕКБ,752931,from bitrix,1,29,5
197,2023-02-04 10:22:13.701393,2020-9-2,ЕКБ,778241,from bitrix,1,30,5
198,2023-02-04 10:22:13.701393,2020-11-12,ЕКБ,803698,from bitrix,1,31,5
199,2023-02-04 10:22:13.701393,2021-1-18,МСК,832009,from bitrix,1,32,5
200,2023-02-04 10:22:13.701393,2021-3-26,ЕКБ,852755,from bitrix,1,33,5
201,2023-02-04 10:22:13.701393,2021-6-18,ЕКБ,882174,from bitrix,1,34,5
202,2023-02-04 10:22:13.701393,2021-8-19,ЕКБ,912102,from bitrix,1,35,5
203,2023-02-04 10:22:13.701393,2021-11-10,ЕКБ,940373,from bitrix,1,36,5
204,2023-02-04 10:22:13.701393,2022-2-16,ЕКБ,970250,from bitrix,1,37,5
205,2023-02-04 10:22:13.701393,2022-4-18,ЕКБ,999200,from bitrix,1,38,5
206,2023-02-04 10:22:13.701393,2022-7-11,ЕКБ,1028786,from bitrix,1,39,5
207,2023-02-04 10:22:13.701393,2022-9-12,МСК,1059513,from bitrix,1,40,5
208,2023-02-04 10:22:13.701393,2022-11-30,ЕКБ,1091503,from bitrix,1,41,5
209,2023-02-04 10:22:13.701393,2015-11-15,МСК,27738,from bitrix,1,1,6
210,2023-02-04 10:22:13.701393,2015-12-29,МСК,53868,from bitrix,1,2,6
211,2023-02-04 10:22:13.701393,2016-2-22,МСК,80711,from bitrix,1,3,6
212,2023-02-04 10:22:13.701393,2016-4-8,МСК,101705,from bitrix,1,4,6
213,2023-02-04 10:22:13.701393,2016-5-28,МСК,127498,from bitrix,1,5,6
214,2023-02-04 10:22:13.701393,2016-5-29,МСК,153013,from bitrix,1,6,6
215,2023-02-04 10:22:13.701393,2016-9-3,МСК,180757,from bitrix,1,7,6
216,2023-02-04 10:22:13.701393,2016-11-17,МСК,213347,from bitrix,1,8,6
217,2023-02-04 10:22:13.701393,2017-1-1,МСК,238973,from bitrix,1,9,6
218,2023-02-04 10:22:13.701393,2017-2-14,МСК,260483,from bitrix,1,10,6
219,2023-02-04 10:22:13.701393,2017-3-28,МСК,289271,from bitrix,1,11,6
220,2023-02-04 10:22:13.701393,2017-5-8,МСК,313387,from bitrix,1,12,6
221,2023-02-04 10:22:13.701393,2017-6-20,МСК,338617,from bitrix,1,13,6
222,2023-02-04 10:22:13.701393,2017-8-7,МСК,367102,from bitrix,1,14,6
223,2023-02-04 10:22:13.701393,2017-9-19,МСК,393369,from bitrix,1,15,6
224,2023-02-04 10:22:13.701393,2017-10-29,МСК,420009,from bitrix,1,16,6
225,2023-02-04 10:22:13.701393,2018-2-21,СПБ,449422,from bitrix,1,17,6
226,2023-02-04 10:22:13.701393,2018-5-6,СПБ,479700,from bitrix,1,18,6
227,2023-02-04 10:22:13.701393,2018-7-2,СПБ,506675,from bitrix,1,19,6
228,2023-02-04 10:22:13.701393,2018-8-25,СПБ,531044,from bitrix,1,20,6
229,2023-02-04 10:22:13.701393,2018-10-18,СПБ,556781,from bitrix,1,21,6
230,2023-02-04 10:22:13.701393,2018-12-14,СПБ,581330,from bitrix,1,22,6
231,2023-02-04 10:22:13.701393,2019-2-19,ЕКБ,608790,from bitrix,1,23,6
232,2023-02-04 10:22:13.701393,2019-4-14,МСК,629741,from bitrix,1,24,6
233,2023-02-04 10:22:13.701393,2019-6-16,ЕКБ,653189,from bitrix,1,25,6
234,2023-02-04 10:22:13.701393,2019-8-16,ЕКБ,677604,from bitrix,1,26,6
235,2023-02-04 10:22:13.701393,2019-10-9,ЕКБ,702614,from bitrix,1,27,6
236,2023-02-04 10:22:13.701393,2019-11-27,ЕКБ,724247,from bitrix,1,28,6
237,2023-02-04 10:22:13.701393,2020-1-30,ЕКБ,753479,from bitrix,1,29,6
238,2023-02-04 10:22:13.701393,2020-3-18,ЕКБ,773431,from bitrix,1,30,6
239,2023-02-04 10:22:13.701393,2020-6-10,ЕКБ,802399,from bitrix,1,31,6
240,2023-02-04 10:22:13.701393,2020-7-25,МСК,819251,from bitrix,1,32,6
241,2023-02-04 10:22:13.701393,2020-9-12,ЕКБ,841544,from bitrix,1,33,6
242,2023-02-04 10:22:13.701393,2020-12-17,ЕКБ,870155,from bitrix,1,34,6
243,2023-02-04 10:22:13.701393,2021-3-14,ЕКБ,900478,from bitrix,1,35,6
244,2023-02-04 10:22:13.701393,2021-5-20,ЕКБ,927758,from bitrix,1,36,6
245,2023-02-04 10:22:13.701393,2021-7-16,ЕКБ,958103,from bitrix,1,37,6
246,2023-02-04 10:22:13.701393,2021-11-18,ЕКБ,979475,from bitrix,1,38,6
247,2023-02-04 10:22:13.701393,2022-2-7,ЕКБ,1008115,from bitrix,1,39,6
248,2023-02-04 10:22:13.701393,2022-6-23,МСК,1055987,from bitrix,1,40,6
249,2023-02-04 10:22:13.701393,2022-8-6,ЕКБ,1079587,from bitrix,1,41,6
250,2023-02-04 10:22:13.701393,2022-10-9,ЕКБ,1107180,from bitrix,1,42,6
251,2023-02-04 10:22:13.701393,2022-12-6,ЕКБ,1139059,from bitrix,1,43,6
252,2023-02-04 10:22:13.701393,2019-5-31,СПБ,629707,from bitrix,1,24,7
253,2023-02-04 10:22:13.701393,2020-11-4,СПБ,831338,from bitrix,1,32,7
254,2023-02-04 10:22:13.701393,2021-2-21,СПБ,944936,from bitrix,1,36,7
255,2023-02-04 10:22:13.701393,2021-10-9,СПБ,1001365,from bitrix,1,38,7
256,2023-02-04 10:22:13.701393,2021-11-28,ЕКБ,1028410,from bitrix,1,39,7
257,2023-02-04 10:22:13.701393,2022-1-26,МСК,1055536,from bitrix,1,40,7
258,2023-02-04 10:22:13.701393,2022-4-11,ЕКБ,1085467,from bitrix,1,41,7
259,2023-02-04 10:22:13.701393,2022-6-20,ЕКБ,1116789,from bitrix,1,42,7
260,2023-02-04 10:22:13.701393,2022-8-21,ЕКБ,1146278,from bitrix,1,43,7
261,2023-02-04 10:22:13.701393,2022-11-28,ЕКБ,1180142,from bitrix,1,44,7
262,2023-02-04 10:22:13.701393,2023-2-2,ЕКБ,1209059,from bitrix,1,45,7
263,2023-02-04 10:22:13.701393,2017-2-4,МСК,214563,from bitrix,1,8,8
264,2023-02-04 10:22:13.701393,2018-4-12,СПБ,428759,from bitrix,1,16,8
265,2023-02-04 10:22:13.701393,2019-6-21,СПБ,633130,from bitrix,1,24,8
266,2023-02-04 10:22:13.701393,2020-12-1,СПБ,840635,from bitrix,1,32,8
267,2023-02-04 10:22:13.701393,2021-1-24,СПБ,868886,from bitrix,1,33,8
268,2023-02-04 10:22:13.701393,2021-3-30,СПБ,895128,from bitrix,1,34,8
269,2023-02-04 10:22:13.701393,2021-5-22,СПБ,920857,from bitrix,1,35,8
270,2023-02-04 10:22:13.701393,2021-7-25,СПБ,952422,from bitrix,1,36,8
271,2023-02-04 10:22:13.701393,2021-9-19,СПБ,981908,from bitrix,1,37,8
272,2023-02-04 10:22:13.701393,2021-11-7,СПБ,1007898,from bitrix,1,38,8
273,2023-02-04 10:22:13.701393,2022-1-19,ЕКБ,1027932,from bitrix,1,39,8
274,2023-02-04 10:22:13.701393,2022-3-16,МСК,1041004,from bitrix,1,40,8
275,2023-02-04 10:22:13.701393,2022-6-10,ЕКБ,1074519,from bitrix,1,41,8
276,2023-02-04 10:22:13.701393,2022-9-16,ЕКБ,1106456,from bitrix,1,42,8
277,2023-02-04 10:22:13.701393,2022-12-31,ЕКБ,1150087,from bitrix,1,43,8
278,2023-02-04 10:22:13.701393,2019-2-7,ЕКБ,25141,from bitrix,1,1,9
279,2023-02-04 10:22:13.701393,2019-5-28,ЕКБ,51862,from bitrix,1,2,9
280,2023-02-04 10:22:13.701393,2019-8-1,ЕКБ,77756,from bitrix,1,3,9
281,2023-02-04 10:22:13.701393,2019-10-21,ЕКБ,107300,from bitrix,1,4,9
282,2023-02-04 10:22:13.701393,2019-12-11,ЕКБ,130508,from bitrix,1,5,9
283,2023-02-04 10:22:13.701393,2020-2-3,ЕКБ,156096,from bitrix,1,6,9
284,2023-02-04 10:22:13.701393,2020-3-29,ЕКБ,183430,from bitrix,1,7,9
285,2023-02-04 10:22:13.701393,2020-6-20,МСК,209999,from bitrix,1,8,9
286,2023-02-04 10:22:13.701393,2020-8-9,ЕКБ,236028,from bitrix,1,9,9
287,2023-02-04 10:22:13.701393,2020-10-7,ЕКБ,264061,from bitrix,1,10,9
288,2023-02-04 10:22:13.701393,2020-12-7,ЕКБ,288501,from bitrix,1,11,9
289,2023-02-04 10:22:13.701393,2021-2-9,ЕКБ,318888,from bitrix,1,12,9
290,2023-02-04 10:22:13.701393,2021-5-3,ЕКБ,348090,from bitrix,1,13,9
291,2023-02-04 10:22:13.701393,2021-7-7,ЕКБ,378938,from bitrix,1,14,9
292,2023-02-04 10:22:13.701393,2021-9-4,ЕКБ,408865,from bitrix,1,15,9
293,2023-02-04 10:22:13.701393,2021-11-12,МСК,438149,from bitrix,1,16,9
294,2023-02-04 10:22:13.701393,2022-1-2,ЕКБ,463385,from bitrix,1,17,9
295,2023-02-04 10:22:13.701393,2022-3-18,ЕКБ,494666,from bitrix,1,18,9
296,2023-02-04 10:22:13.701393,2022-5-27,ЕКБ,526068,from bitrix,1,19,9
297,2023-02-04 10:22:13.701393,2022-9-2,ЕКБ,558817,from bitrix,1,20,9
298,2023-02-04 10:22:13.701393,2022-11-23,ЕКБ,590670,from bitrix,1,21,9
299,2023-02-04 10:22:13.701393,2019-3-20,ЕКБ,24941,from bitrix,1,1,10
300,2023-02-04 10:22:13.701393,2019-7-3,ЕКБ,52351,from bitrix,1,2,10
301,2023-02-04 10:22:13.701393,2019-8-28,ЕКБ,74582,from bitrix,1,3,10
302,2023-02-04 10:22:13.701393,2019-10-30,ЕКБ,100447,from bitrix,1,4,10
303,2023-02-04 10:22:13.701393,2019-12-18,ЕКБ,123027,from bitrix,1,5,10
304,2023-02-04 10:22:13.701393,2020-2-16,ЕКБ,150007,from bitrix,1,6,10
305,2023-02-04 10:22:13.701393,2020-4-7,ЕКБ,172894,from bitrix,1,7,10
306,2023-02-04 10:22:13.701393,2020-7-8,МСК,203154,from bitrix,1,8,10
307,2023-02-04 10:22:13.701393,2020-8-21,ЕКБ,224983,from bitrix,1,9,10
308,2023-02-04 10:22:13.701393,2020-10-16,ЕКБ,243899,from bitrix,1,10,10
309,2023-02-04 10:22:13.701393,2020-12-20,ЕКБ,271339,from bitrix,1,11,10
310,2023-02-04 10:22:13.701393,2021-2-22,ЕКБ,300397,from bitrix,1,12,10
311,2023-02-04 10:22:13.701393,2021-4-25,ЕКБ,320859,from bitrix,1,13,10
312,2023-02-04 10:22:13.701393,2021-7-15,ЕКБ,353296,from bitrix,1,14,10
313,2023-02-04 10:22:13.701393,2021-9-21,ЕКБ,381519,from bitrix,1,15,10
314,2023-02-04 10:22:13.701393,2021-12-3,МСК,408587,from bitrix,1,16,10
315,2023-02-04 10:22:13.701393,2022-1-29,ЕКБ,430864,from bitrix,1,17,10
316,2023-02-04 10:22:13.701393,2022-4-26,ЕКБ,461039,from bitrix,1,18,10
317,2023-02-04 10:22:13.701393,2022-8-30,МСК,478962,from bitrix,1,19,10
318,2023-02-04 10:22:13.701393,2022-12-25,ЕКБ,523305,from bitrix,1,20,10
319,2023-02-04 10:22:13.701393,2021-6-29,ЕКБ,398568,from bitrix,1,15,11
320,2023-02-04 10:22:13.701393,2021-9-13,МСК,432377,from bitrix,1,16,11
321,2023-02-04 10:22:13.701393,2021-12-6,ЕКБ,460023,from bitrix,1,17,11
322,2023-02-04 10:22:13.701393,2022-2-21,ЕКБ,487953,from bitrix,1,18,11
323,2023-02-04 10:22:13.701393,2022-4-28,ЕКБ,491928,from bitrix,1,19,11
324,2023-02-04 10:22:13.701393,2022-7-2,ЕКБ,523152,from bitrix,1,20,11
325,2023-02-04 10:22:13.701393,2022-9-9,ЕКБ,548573,from bitrix,1,21,11
326,2023-02-04 10:22:13.701393,2022-12-2,ЕКБ,581454,from bitrix,1,22,11
327,2023-02-04 10:22:13.701393,2020-4-26,ЕКБ,29114,from bitrix,1,1,12
328,2023-02-04 10:22:13.701393,2020-7-29,ЕКБ,50285,from bitrix,1,2,12
329,2023-02-04 10:22:13.701393,2020-9-18,ЕКБ,79858,from bitrix,1,3,12
330,2023-02-04 10:22:13.701393,2020-10-21,ЕКБ,100281,from bitrix,1,4,12
331,2023-02-04 10:22:13.701393,2020-12-12,ЕКБ,130860,from bitrix,1,5,12
332,2023-02-04 10:22:13.701393,2021-1-19,ЕКБ,153028,from bitrix,1,6,12
333,2023-02-04 10:22:13.701393,2021-3-7,ЕКБ,184417,from bitrix,1,7,12
334,2023-02-04 10:22:13.701393,2021-5-18,МСК,213786,from bitrix,1,8,12
335,2023-02-04 10:22:13.701393,2021-7-10,ЕКБ,243306,from bitrix,1,9,12
336,2023-02-04 10:22:13.701393,2021-8-25,ЕКБ,271005,from bitrix,1,10,12
337,2023-02-04 10:22:13.701393,2021-10-14,ЕКБ,303687,from bitrix,1,11,12
338,2023-02-04 10:22:13.701393,2021-11-26,ЕКБ,328434,from bitrix,1,12,12
339,2023-02-04 10:22:13.701393,2022-1-16,ЕКБ,358324,from bitrix,1,13,12
340,2023-02-04 10:22:13.701393,2022-3-6,ЕКБ,384949,from bitrix,1,14,12
341,2023-02-04 10:22:13.701393,2022-4-21,ЕКБ,414113,from bitrix,1,15,12
342,2023-02-04 10:22:13.701393,2022-6-27,МСК,448445,from bitrix,1,16,12
343,2023-02-04 10:22:13.701393,2022-8-16,ЕКБ,474200,from bitrix,1,17,12
344,2023-02-04 10:22:13.701393,2022-10-2,ЕКБ,504087,from bitrix,1,18,12
345,2023-02-04 10:22:13.701393,2022-11-17,ЕКБ,534693,from bitrix,1,19,12
346,2023-02-04 10:22:13.701393,2023-1-29,ЕКБ,567923,from bitrix,1,20,12
347,2023-02-04 10:22:13.701393,2020-12-29,МСК,26251,from bitrix,1,1,13
348,2023-02-04 10:22:13.701393,2021-2-13,МСК,52582,from bitrix,1,2,13
349,2023-02-04 10:22:13.701393,2021-4-3,МСК,80167,from bitrix,1,3,13
350,2023-02-04 10:22:13.701393,2021-5-15,МСК,103147,from bitrix,1,4,13
351,2023-02-04 10:22:13.701393,2021-7-7,МСК,129500,from bitrix,1,5,13
352,2023-02-04 10:22:13.701393,2021-8-21,МСК,154848,from bitrix,1,6,13
353,2023-02-04 10:22:13.701393,2021-10-8,МСК,179416,from bitrix,1,7,13
354,2023-02-04 10:22:13.701393,2022-2-16,МСК,227820,from bitrix,1,8,13
355,2023-02-04 10:22:13.701393,2022-5-12,ЕКБ,257122,from bitrix,1,9,13
356,2023-02-04 10:22:13.701393,2022-7-21,ЕКБ,286857,from bitrix,1,10,13
357,2023-02-04 10:22:13.701393,2022-10-5,ЕКБ,317413,from bitrix,1,11,13
358,2023-02-04 10:22:13.701393,2023-1-7,ЕКБ,351881,from bitrix,1,12,13
359,2023-02-04 10:22:13.701393,2020-12-30,ЕКБ,23469,from bitrix,1,1,14
360,2023-02-04 10:22:13.701393,2021-2-18,ЕКБ,50965,from bitrix,1,2,14
361,2023-02-04 10:22:13.701393,2021-4-9,ЕКБ,79084,from bitrix,1,3,14
362,2023-02-04 10:22:13.701393,2021-6-2,ЕКБ,109105,from bitrix,1,4,14
363,2023-02-04 10:22:13.701393,2021-7-21,ЕКБ,139753,from bitrix,1,5,14
364,2023-02-04 10:22:13.701393,2021-9-1,ЕКБ,165822,from bitrix,1,6,14
365,2023-02-04 10:22:13.701393,2021-10-28,ЕКБ,195825,from bitrix,1,7,14
366,2023-02-04 10:22:13.701393,2021-12-17,МСК,222569,from bitrix,1,8,14
367,2023-02-04 10:22:13.701393,2022-1-22,ЕКБ,243150,from bitrix,1,9,14
368,2023-02-04 10:22:13.701393,2022-3-14,ЕКБ,273774,from bitrix,1,10,14
369,2023-02-04 10:22:13.701393,2022-5-11,ЕКБ,304074,from bitrix,1,11,14
370,2023-02-04 10:22:13.701393,2022-7-1,ЕКБ,332759,from bitrix,1,12,14
371,2023-02-04 10:22:13.701393,2022-8-24,ЕКБ,360008,from bitrix,1,13,14
372,2023-02-04 10:22:13.701393,2022-10-26,ЕКБ,389759,from bitrix,1,14,14
373,2023-02-04 10:22:13.701393,2023-1-3,ЕКБ,427027,from bitrix,1,15,14
374,2023-02-04 10:22:13.701393,2021-1-8,ЕКБ,27172,from bitrix,1,1,15
375,2023-02-04 10:22:13.701393,2021-2-27,ЕКБ,58962,from bitrix,1,2,15
376,2023-02-04 10:22:13.701393,2021-4-15,ЕКБ,86973,from bitrix,1,3,15
377,2023-02-04 10:22:13.701393,2021-5-28,ЕКБ,117818,from bitrix,1,4,15
378,2023-02-04 10:22:13.701393,2021-7-23,ЕКБ,146388,from bitrix,1,5,15
379,2023-02-04 10:22:13.701393,2021-9-13,ЕКБ,179636,from bitrix,1,6,15
380,2023-02-04 10:22:13.701393,2021-11-7,ЕКБ,209660,from bitrix,1,7,15
381,2023-02-04 10:22:13.701393,2022-1-6,МСК,236234,from bitrix,1,8,15
382,2023-02-04 10:22:13.701393,2022-2-23,ЕКБ,265321,from bitrix,1,9,15
383,2023-02-04 10:22:13.701393,2022-4-15,ЕКБ,295778,from bitrix,1,10,15
384,2023-02-04 10:22:13.701393,2022-6-13,ЕКБ,326548,from bitrix,1,11,15
385,2023-02-04 10:22:13.701393,2022-8-3,ЕКБ,355842,from bitrix,1,12,15
386,2023-02-04 10:22:13.701393,2022-9-19,ЕКБ,382033,from bitrix,1,13,15
387,2023-02-04 10:22:13.701393,2022-11-21,ЕКБ,416136,from bitrix,1,14,15
388,2023-02-04 10:22:13.701393,2023-1-20,ЕКБ,451152,from bitrix,1,15,15
389,2023-02-04 10:22:13.701393,2021-2-15,ЕКБ,24257,from bitrix,1,1,16
390,2023-02-04 10:22:13.701393,2021-4-7,ЕКБ,53988,from bitrix,1,2,16
391,2023-02-04 10:22:13.701393,2021-6-5,ЕКБ,85184,from bitrix,1,3,16
392,2023-02-04 10:22:13.701393,2021-8-13,ЕКБ,111966,from bitrix,1,4,16
393,2023-02-04 10:22:13.701393,2021-10-21,ЕКБ,139353,from bitrix,1,5,16
394,2023-02-04 10:22:13.701393,2021-12-4,ЕКБ,166456,from bitrix,1,6,16
395,2023-02-04 10:22:13.701393,2022-2-1,ЕКБ,190370,from bitrix,1,7,16
396,2023-02-04 10:22:13.701393,2022-4-17,МСК,217306,from bitrix,1,8,16
397,2023-02-04 10:22:13.701393,2022-6-4,ЕКБ,241200,from bitrix,1,9,16
398,2023-02-04 10:22:13.701393,2022-7-24,ЕКБ,271188,from bitrix,1,10,16
399,2023-02-04 10:22:13.701393,2022-9-6,ЕКБ,294905,from bitrix,1,11,16
400,2023-02-04 10:22:13.701393,2022-11-8,ЕКБ,324409,from bitrix,1,12,16
401,2023-02-04 10:22:13.701393,2023-1-19,ЕКБ,361482,from bitrix,1,13,16
402,2023-02-04 10:22:13.701393,2022-5-21,ЕКБ,31585,from bitrix,1,1,17
403,2023-02-04 10:22:13.701393,2022-7-30,ЕКБ,63737,from bitrix,1,2,17
404,2023-02-04 10:22:13.701393,2022-9-24,ЕКБ,89966,from bitrix,1,3,17
405,2023-02-04 10:22:13.701393,2022-12-9,ЕКБ,124816,from bitrix,1,4,17
406,2023-02-04 10:22:13.701393,2022-6-7,ЕКБ,30846,from bitrix,1,1,18
407,2023-02-04 10:22:13.701393,2022-8-9,ЕКБ,59536,from bitrix,1,2,18
408,2023-02-04 10:22:13.701393,2022-10-14,ЕКБ,87196,from bitrix,1,3,18
409,2023-02-04 10:22:13.701393,2023-1-23,ЕКБ,122483,from bitrix,1,4,18
410,2023-02-04 10:22:13.701393,2022-5-17,ЕКБ,28628,from bitrix,1,1,19
411,2023-02-04 10:22:13.701393,2022-7-3,ЕКБ,52645,from bitrix,1,2,19
412,2023-02-04 10:22:13.701393,2022-8-27,ЕКБ,81991,from bitrix,1,3,19
413,2023-02-04 10:22:13.701393,2022-9-28,ЕКБ,100537,from bitrix,1,4,19
414,2023-02-04 10:22:13.701393,2022-10-31,ЕКБ,122781,from bitrix,1,5,19
415,2023-02-04 10:22:13.701393,2022-12-23,МСК,150589,from bitrix,1,6,19
416,2023-02-04 10:22:13.701393,2022-8-28,ЕКБ,30923,from bitrix,1,1,20
417,2023-02-04 10:22:13.701393,2022-11-15,ЕКБ,62487,from bitrix,1,2,20
418,2023-02-04 10:22:13.701393,2023-1-26,ЕКБ,93187,from bitrix,1,3,20
419,2023-02-04 10:22:13.701393,2022-8-19,МСК,33356,from bitrix,1,1,21
420,2023-02-04 10:22:13.701393,2022-10-16,МСК,62678,from bitrix,1,2,21
421,2023-02-04 10:22:13.701393,2022-12-13,МСК,90615,from bitrix,1,3,21
422,2023-02-04 10:22:13.701393,2022-9-26,МСК,32700,from bitrix,1,1,22
423,2023-02-04 10:22:13.701393,2022-11-25,МСК,61774,from bitrix,1,2,22
424,2023-02-04 10:22:13.701393,2023-2-3,ЕКБ,91378,from bitrix,1,3,22
425,2023-02-04 10:22:13.701393,2022-9-21,ЕКБ,27262,from bitrix,1,1,23
426,2023-02-04 10:22:13.701393,2022-11-25,ЕКБ,52796,from bitrix,1,2,23
427,2023-02-04 10:22:13.701393,2023-1-30,ЕКБ,82461,from bitrix,1,3,23
428,2023-02-04 10:22:13.701393,2020-12-4,ЕКБ,20341,from bitrix,1,1,26
429,2023-02-04 10:22:13.701393,2021-2-25,ЕКБ,50268,from bitrix,1,2,26
430,2023-02-04 10:22:13.701393,2021-3-11,ЕКБ,81122,from bitrix,1,3,26
431,2023-02-04 10:22:13.701393,2021-5-12,ЕКБ,106222,from bitrix,1,4,26
432,2023-02-04 10:22:13.701393,2021-7-3,ЕКБ,137736,from bitrix,1,5,26
433,2023-02-04 10:22:13.701393,2021-8-18,ЕКБ,158410,from bitrix,1,6,26
434,2023-02-04 10:22:13.701393,2021-11-2,ЕКБ,187662,from bitrix,1,7,26
435,2023-02-04 10:22:13.701393,2021-11-28,МСК,196018,from bitrix,1,8,26
436,2023-02-04 10:22:13.701393,2022-1-27,ЕКБ,230872,from bitrix,1,9,26
437,2023-02-04 10:22:13.701393,2022-4-1,ЕКБ,259258,from bitrix,1,10,26
438,2023-02-04 10:22:13.701393,2022-5-14,ЕКБ,285205,from bitrix,1,11,26
439,2023-02-04 10:22:13.701393,2022-7-15,ЕКБ,315149,from bitrix,1,12,26
440,2023-02-04 10:22:13.701393,2022-9-30,ЕКБ,349974,from bitrix,1,13,26
441,2023-02-04 10:22:13.701393,2022-12-29,ЕКБ,387219,from bitrix,1,14,26
442,2023-02-04 10:22:13.701393,2020-12-9,ЕКБ,26201,from bitrix,1,1,27
443,2023-02-04 10:22:13.701393,2021-2-13,ЕКБ,55570,from bitrix,1,2,27
444,2023-02-04 10:22:13.701393,2021-3-20,ЕКБ,72287,from bitrix,1,3,27
445,2023-02-04 10:22:13.701393,2021-5-24,ЕКБ,104757,from bitrix,1,4,27
446,2023-02-04 10:22:13.701393,2021-7-27,ЕКБ,128371,from bitrix,1,5,27
447,2023-02-04 10:22:13.701393,2021-9-16,ЕКБ,156226,from bitrix,1,6,27
448,2023-02-04 10:22:13.701393,2021-11-13,ЕКБ,190865,from bitrix,1,7,27
449,2023-02-04 10:22:13.701393,2022-1-19,МСК,221823,from bitrix,1,8,27
450,2023-02-04 10:22:13.701393,2022-3-22,ЕКБ,247323,from bitrix,1,9,27
451,2023-02-04 10:22:13.701393,2022-5-25,ЕКБ,276898,from bitrix,1,10,27
452,2023-02-04 10:22:13.701393,2022-8-5,ЕКБ,305975,from bitrix,1,11,27
453,2023-02-04 10:22:13.701393,2022-10-21,ЕКБ,357512,from bitrix,1,12,27
454,2023-02-04 10:22:13.701393,2022-12-12,ЕКБ,392970,from bitrix,1,13,27
455,2023-02-04 10:22:13.701393,2021-3-4,ЕКБ,30932,from bitrix,1,1,28
456,2023-02-04 10:22:13.701393,2021-4-17,ЕКБ,54238,from bitrix,1,2,28
457,2023-02-04 10:22:13.701393,2021-6-12,ЕКБ,85198,from bitrix,1,3,28
458,2023-02-04 10:22:13.701393,2021-8-9,ЕКБ,115763,from bitrix,1,4,28
459,2023-02-04 10:22:13.701393,2021-10-2,ЕКБ,145031,from bitrix,1,5,28
460,2023-02-04 10:22:13.701393,2021-12-10,ЕКБ,176741,from bitrix,1,6,28
461,2023-02-04 10:22:13.701393,2022-2-11,ЕКБ,204027,from bitrix,1,7,28
462,2023-02-04 10:22:13.701393,2022-4-16,МСК,233068,from bitrix,1,8,28
463,2023-02-04 10:22:13.701393,2022-6-16,ЕКБ,258754,from bitrix,1,9,28
464,2023-02-04 10:22:13.701393,2022-8-26,ЕКБ,288904,from bitrix,1,10,28
465,2023-02-04 10:22:13.701393,2022-10-30,ЕКБ,334650,from bitrix,1,12,28
466,2023-02-04 10:22:13.701393,2023-1-11,ЕКБ,381847,from bitrix,1,14,28
467,2023-02-04 10:22:13.701393,2021-10-12,ЕКБ,1438456,from bitrix,1,1,29
468,2023-02-04 10:22:13.701393,2022-1-10,ЕКБ,1462098,from bitrix,1,2,29
469,2023-02-04 10:22:13.701393,2022-4-9,ЕКБ,1490279,from bitrix,1,3,29
470,2023-02-04 10:22:13.701393,2022-6-26,ЕКБ,1519384,from bitrix,1,4,29
471,2023-02-04 10:22:13.701393,2022-9-5,ЕКБ,1544306,from bitrix,1,5,29
472,2023-02-04 10:22:13.701393,2022-11-12,ЕКБ,1574302,from bitrix,1,6,29
473,2023-02-04 10:22:13.701393,2023-1-25,ЕКБ,1604426,from bitrix,1,7,29
474,2023-02-04 10:22:13.701393,2021-10-24,ЕКБ,1463077,from bitrix,1,1,30
475,2023-02-04 10:22:13.701393,2022-2-5,ЕКБ,1486474,from bitrix,1,2,30
476,2023-02-04 10:22:13.701393,2022-5-2,ЕКБ,1516026,from bitrix,1,3,30
477,2023-02-04 10:22:13.701393,2022-7-27,ЕКБ,1547988,from bitrix,1,4,30
478,2023-02-04 10:22:13.701393,2022-11-1,ЕКБ,1577888,from bitrix,1,5,30
479,2023-02-04 10:22:13.701393,2023-1-17,ЕКБ,1614988,from bitrix,1,6,30
